SHA256	字节数	路径
312f732bf065b5f1c70ae141f7f492a70ad6bca0985432c83660a02f3f2ab1c5	656	.gitattributes
cfd8bdf1383d75645c92d69ca68d441bd27c0c2047bce4c17021481fbcec4db6	278	.gitignore
ad72930e86cb4c3f1faa69e412a14ca12455ab0a7963db174ca1522c1925d4c3	82	.libtv/project.json
9fe604876e97b131250fc3a47dd45ba4cfa948dc86aed34e74013bb950105127	1798	AGENTS.md
442c7990fa309b0f4f2e1ce006396698032a958e82da439dd24ea3a2f809f980	3008	ChatCut人物环形卡片技能-微信发送.zip
f748730a99014800284b7530f003a3f01bf9496252e0e64fba330466b366c5c0	2365	README.md
98a27e491f0e742e02e569007777beae2893db13a5ed9ebaae14ca73e89f25fd	227912	analysis/contact-sheets/go.jpg
12e38d0da3fde90e05d2b3d9d3a1c17f0ab99e976ecd39fc4e43c3be972636f6	764987	analysis/contact-sheets/nest15.jpg
4a6a0fb6468ca9360de98bd5f17380d81252af79de07fb58e6afe9dee079fe74	187102	analysis/contact-sheets/ola.jpg
baf3f73f81a6f8647c679155807aafe45092d76653d0b0f04c26d40a7fd6d23c	409658	analysis/contact-sheets/tablet.jpg
44b09d542be03ade4371c64880b0bc1ba163eab0cd5352e82a5abc7703dc95ad	388749	analysis/docx-render/Lumiq Studio- Brand Story and Product Intro_0727update.pdf
5e98daf416682eda274d6daa9995e58413c481d9e33d76d5726e2a76383111ac	22291	analysis/docx-render/page-1.png
dffe66357771696dfc6049c229f14a1ab0cf668ca51e5b91be7cbbd3e88f90bf	44680	analysis/docx-render/page-10.png
f536c16748352835198b0e08618125675435e06133191191d72fca81d0076a16	41339	analysis/docx-render/page-11.png
f1b838d57d87d8178e3f711e1bdecbb7da22dc4deb1f4372422047b2c9c19bcb	49787	analysis/docx-render/page-12.png
315894cafc2e5b744dfc4b54a663892db52c4e6258957d79c761ed37cba150f0	43004	analysis/docx-render/page-13.png
47fdd244395653e86e649a523c7560feabd8624ad113da6d151888dc0a50c14a	55010	analysis/docx-render/page-14.png
ad21c47ac4db8522619b565fbe583628057fd1fac00c63e6f03c36e6b3702ede	24330	analysis/docx-render/page-15.png
5acf84f05379d3edb4cfc3ab7b1f4e2c6ac6214fc918e21b7731746db2e23a53	263830	analysis/docx-render/page-16.png
52a5f1b782db989ed5e34352931f7a5c4570683145e1d60c38f9311b9abd2050	298382	analysis/docx-render/page-17.png
628114e526263e599221afc0b3a8d2f68b94dfc095f849abee1ab07e7c9b0acb	294601	analysis/docx-render/page-18.png
7e013661894a12bfa7f8650f05aedd6ae5f7a94509a22b6912178dcdc281244f	260951	analysis/docx-render/page-19.png
c3ab2da916aebe409b78300725fe5105386aa703846e591854291d0061a3b21c	314061	analysis/docx-render/page-2.png
bc6066d96f5bfc7996fe85064ff9bb802138f1e0df7798e3867fa90c699cedd9	259253	analysis/docx-render/page-20.png
4a6188e4d76f24181b64035dd3be9b9294e56bacf6a4aab63f148048033f0f7f	232060	analysis/docx-render/page-21.png
78046657adb05065a2b0377e1fe07ce1e2c39c5ab1faf94d5ea72b27cf929d8c	252082	analysis/docx-render/page-22.png
e5d32420ba6ca38f65efe4f131e1b38196b2e05e9d490e1f83b66a271870ba5b	290469	analysis/docx-render/page-23.png
a712d87d03f325af4ddd9fde173ce4417294bbdc51316490388cfd7031139a02	277279	analysis/docx-render/page-24.png
68fe0d0a6ffddaf7b28616265dd2e8e5eb8ae51f30c0238aa54b8409b4ec8c76	124410	analysis/docx-render/page-25.png
f8e5e474d4aaeec03f8f0fbc8adfc108aa6ca0a3fd5a68204d88773aee29e15c	19817	analysis/docx-render/page-26.png
df155620e1eef1444434bff3e8ce93eb092d8b9dca78bd739394fb4e1e78cc9e	43685	analysis/docx-render/page-27.png
00b517d6432cb93eb72e6e486cc3af6417f344be4bd25d10e57fb5b6b9e06db1	279145	analysis/docx-render/page-28.png
5f5e74c5161ca511a3d64784d2a93554c822c7026f029dd7341a6d2477be5da7	84825	analysis/docx-render/page-3.png
e42716a29ee71e86fd243960f6b66bf16582cb7d1c9ed93a70475cdb11bad213	22611	analysis/docx-render/page-4.png
079200400c63c238e6b1e1c4ab513cf347e5abb9d2af9617ad65d3ced0c13e47	47326	analysis/docx-render/page-5.png
606c83bb647a4f6af5462c97b526b47bbf756c46cd99c053e6d67a98b1ee3949	283641	analysis/docx-render/page-6.png
a8db45a4b653651631370f2a6f134af9bca41fb8f487c589274b21f64081755a	23503	analysis/docx-render/page-7.png
908cd8d96cbeceba8417e420f9a178e65446601fa56f22ee1993d9433d0f07d8	53877	analysis/docx-render/page-8.png
fee4b26da1d3e483e03f52c333d64c8d38356cc6a97a58eeca8bf4b83595426f	40506	analysis/docx-render/page-9.png
3f18dd0bbb1f2fefcbb94063173dbd8e90503b209fd72dfbcc954ed32df40830	1755	analysis/make_contact_sheets.py
9ea7aa1e5f197e72cbd0fd6dd9f47464c54cb4e0adda13bb42b2aa172698c037	1817	analysis/make_five_direction_overview.py
a76f511fc34635205686213085a68e2aa75de57e81a11eb5c0071c4fcb5020f7	14708668	analysis/materials/go/go/LG01-0815-B.IGS
8dff9a55ad8824f832504de67454b33c20af4edfef613d3238892f831c4355c8	268801	analysis/materials/go/go/小屏幕.stp
fc38fc48d2f7ad5101db9fbfaa170f33746b0da5c761c0bf29c6084521d75b48	60703	analysis/materials/go/go/微信图片_20260815135221_326_348.png
be0fe501b204514248dcb6eaa036c0c0bb9397abf95f0ac8b27e9f6b7b7d778f	34277	analysis/materials/go/go/微信图片_20260815135222_327_348.png
bf45344a6378ee2f49cb7f4fa06f4856abb9a0e493e1a7a715dc61e643a77bae	40755	analysis/materials/go/go/微信图片_20260815135223_328_348.png
20d7fe2a5aac2e782b425fcd862479b80db591c9f91e8ce70bbd09505dcaeeaa	15704283	analysis/materials/go/go/微信图片_20260827113443.png
bdeb2e524eb9c4a0859859934260181af504a601a721bfa3c8093670e2ce1c1f	1979922	analysis/materials/go/go/微信图片_20260827113448.png
c1175401f4efd3dfb36757bc00301c12947e69106c43e3f4a1b18d539cfd2fd3	1543827	analysis/materials/go/go/微信图片_20260827113451.png
8c26a26b71e7835dc4988615650410f9752e71154662c0e6f2cd85b82bdfde32	1698194	analysis/materials/go/go/微信图片_20260827113455.png
39c393bda7e091f0b54129492beaad791fd1940f89ee89a1778297f8e94ea95e	6420919	analysis/materials/nest15/NEST 15/20260824-113121.png
7f6af6e688bf0309f4de823898b93b57f6d0ab9157eda48f1be388dff36b9011	83605419	analysis/materials/nest15/NEST 15/DK127_15.6日历机3D.stp
f46f438288fc23908289d6b9ba82a1b2eb01b680769fe3c8acca53eaf754572f	5942110	analysis/materials/nest15/NEST 15/NEST 15/1.png
3515588840d978f20ecf5240018bb274e0e641c943646dc6fd8ebe3c24ff4f71	5562983	analysis/materials/nest15/NEST 15/NEST 15/原木色-正右-1.png
43664deeff2e7549a8289616fe3aa373e33d45c62a0e834b7712a8423e530b74	8676318	analysis/materials/nest15/NEST 15/NEST 15/原木色-正右.png
a5476b47490aae61a40e6e2e50a387b8d3a2995968e596ea0a459adffc0cbec4	5627045	analysis/materials/nest15/NEST 15/NEST 15/原木色-正左-1.png
b95bf8142a9db692c9811fd28f336f15b5c4a677dc12b3b393d82325ab7c3411	8560507	analysis/materials/nest15/NEST 15/NEST 15/原木色-正左.png
b855f66a20dfe8f6689e8afaef82106f78b2ed8ba58fb7084456116975aaebb6	5243121	analysis/materials/nest15/NEST 15/NEST 15/原木色-正正-1.png
87ef851bac5dd32e5d8ba0dd307be587c2bf75e42823793136fea25f769288d8	7617736	analysis/materials/nest15/NEST 15/NEST 15/原木色-正正.png
4714f7214c9d1d71e18ccdabffbc527ec6fd3caeee342931b4a5e7cac837fa1d	5348401	analysis/materials/nest15/NEST 15/NEST 15/原木色-背右.png
d2f67afe4e055a2dfe72ee9356efc3d7582c2cad6d7b2648e32bfc2a0bbd6bf8	5607803	analysis/materials/nest15/NEST 15/NEST 15/原木色-背左.png
048183f9bdf368223dfc6fdb144899b2769e5f001f45b3974ccbb1319e768bad	5156845	analysis/materials/nest15/NEST 15/NEST 15/胡桃色-正右-1.png
45c99fc89675a8b48266e326747e69c4c558a1cffd704e09702d30c4ac7b4a17	7245365	analysis/materials/nest15/NEST 15/NEST 15/胡桃色-正右.png
1440aa47c79e58126c185470c64daad0d9c0ddc97999d29538f4d06e2d46b0c2	5221367	analysis/materials/nest15/NEST 15/NEST 15/胡桃色-正左-1.png
baaf4ee749b09f8d55747052c51fe3a89de1123a905dec6c8a179736c18e32ba	7829567	analysis/materials/nest15/NEST 15/NEST 15/胡桃色-正左.png
20aef651f41a99ebf41afed492f70657c325525e388519b157b216c100052a0c	4421357	analysis/materials/nest15/NEST 15/NEST 15/胡桃色-正正-1.png
b52399adaeda9fc90b2aeaba2cd245d2b552af6a726498a3d8c891f476dbb5c5	7877895	analysis/materials/nest15/NEST 15/NEST 15/胡桃色-正正.png
f78d6ab9491c0af1ef35940673be44924827fa1ebb4180e03c14151ed1fde8e8	5259752	analysis/materials/nest15/NEST 15/NEST 15/胡桃色-背右.png
7900ffdf2eaeed03c8cb105d6534c60c903436a4c1ca0ad4e01d9f37b3e78472	5527151	analysis/materials/nest15/NEST 15/NEST 15/胡桃色-背左.png
9241f699f930a17089fb523feb75ff01fc68bd8a29b156242697f298e1734e72	4814105	analysis/materials/nest15/NEST 15/NEST 15/黑色-正右-1.png
227ba0a0a5a94f34066220f3507c818d0c223a8a4446341d7cc0d86a7dd45494	6377314	analysis/materials/nest15/NEST 15/NEST 15/黑色-正右.png
3661ee2ac288fa2ac13dface0bbccfc47b43cb8f4864df222cfe3bee9c25c24d	4895584	analysis/materials/nest15/NEST 15/NEST 15/黑色-正左-1.png
2834658996b623f289ddfa463c9338eeafce79e35182df1fd7accdc1c9de0c24	6711604	analysis/materials/nest15/NEST 15/NEST 15/黑色-正左.png
2634762eaa8351ef36d41e2c74f7cb687a474e2f1c9127d8ab75236d987b5d0f	3937964	analysis/materials/nest15/NEST 15/NEST 15/黑色-正正-1.png
05b40da736d4847f8ce3599e4ab3ef2895b2baf4e5b84819ee19775c391ab48d	6154757	analysis/materials/nest15/NEST 15/NEST 15/黑色-正正.png
0d143c7ac67016c66b80b8cba4b4b1bbcdf7d9c716abed7458c77594c0ff8f86	5004016	analysis/materials/nest15/NEST 15/NEST 15/黑色-背右.png
842ee3f57bc88adc0d381f14c2e824cf09def87108a8d4f1490ddcc1e33d3492	5295193	analysis/materials/nest15/NEST 15/NEST 15/黑色-背左.png
b45ab89f4b2d2d204fca738ceb2c729544b7fe2b14d325acff860e4ae20480a9	1160086	analysis/materials/tablet/10.png
b695683e6de1db8f5bb3191a343eb3492b1af6d35f8130feeadd9cd5a24129a5	1485289	analysis/materials/tablet/11.png
d76450271286be6e4a63bd0c2e89e39ec200e3e953aa18f32da950d8ee9c360b	14869580	analysis/materials/tablet/2.jpg
acf00957bdf16870da42ae3cf929ef7894a13f54f5be118b13360e6d379cb9cf	21032586	analysis/materials/tablet/3.jpg
6b840cacae3ac297a4c812837a9f9aacb7028435163768b057a15181381ff1f7	16310982	analysis/materials/tablet/4.jpg
29d18620f8660f53ff5879e9c969983593c186570bb19b08e889798dbb5c861d	14991845	analysis/materials/tablet/5.jpg
40e245af718cdf2022adfc614fbce40648cf0af9db01689d3096d9bc43069242	9796810	analysis/materials/tablet/6.jpg
16eba121bf141a34eca29f3ac52dde83accd104f63a1b6a06399bcc67e05cea0	32946457	analysis/materials/tablet/7.jpg
196fbde71ceb0025975d18ffbe332b81c5f7e38929e936f2802b519e94d4df78	9049667	analysis/materials/tablet/8.jpg
be107b975cdf577feb6c889ddfb633a03ba6fde5cfa5fafb5b89fda5a43bc7ae	8371249	analysis/materials/tablet/9.jpg
9f5e2ef7066db1a6d19880b7ffe41e16044730cbb2d9c8cbf44ecf16dee0bac9	100878	design-audit/lumiq-home-structure-2026-09-01/01-hero.png
b0912b352d5e9b783b848f69c9fa122949eaa124ce388a3f330b56978bbaed23	83931	design-audit/lumiq-home-structure-2026-09-01/02-ola.png
3c8a0d3e160b8559471f326587ff96336c7b3470d4d6fc4ac9dd1e8792d7a873	102966	design-audit/lumiq-home-structure-2026-09-01/03-tablet.png
5b11c89a870cf3803e8e8ecdef86065feba725a049e36f31fc8dd7628a1b290f	82651	design-audit/lumiq-home-structure-2026-09-01/04-nest.png
9ac95b9297fabf3df0bdcce32f8da751c06553263b55e9c0363b444642cb2ce2	99197	design-audit/lumiq-home-structure-2026-09-01/05-brand-story.png
455fdc2ef76aba4f26fda1e32f5ecec139803aa604aa0e8a328e315faec387c4	86391	design-audit/lumiq-home-structure-2026-09-01/06-join.png
c3e02b6d7ce829c70da8e3b24a5553a86abe7e67a1f7144f7ab8903e5cff62c8	2378	design-audit/lumiq-home-structure-2026-09-01/audit-summary.md
27ec6bc22e8ef1f553258ed6be67caf3d82b1048cb8acdb961a34b77747b595e	4304	feishu/00-intro.xml
46a6e9a79a1beef9f1eec44cad3901d9c62fa29e097ff6701954cfc86ba97c7f	1099	feishu/01-aurora.xml
fc6d471bf7ed92b0a7bcb84764b9d9ae9a1b2161fdd8cd6a94e51fb19c41c3d4	1019	feishu/02-day.xml
45aa3ccb71f50c4ba90f9d4faa367d42d2c2330ac35dc6b1723626e80c0c8107	958	feishu/03-chapters.xml
3ba611cd987a1fb67272aafb8337e04aeca129ae6d3010325ce490a23f8d37eb	961	feishu/04-orbit.xml
b97df5fe26fe2e05d3aafd7fb611779f19ea52e8277ebcc2cdf3c1a721da495a	1003	feishu/05-home.xml
c028e13a400c1fbe14f62527bd9d388d18091d1a07fd2c078e242201a36cf345	2964	feishu/06-recommendation.xml
0f903e0263b811f28e2a215dfa090e220adf8a473e5df9749994de7dfa1406b7	2098	feishu/lumiq-home-v2-9x21.xml
c554b1ba97e22642a4cecdef0f1e55cd893af46f6ebecd4a5f4b3de226afaab7	11731	lumiq_balanced_prd.xml
90af8de69574fa20731caf64309f67de36f84115ea458edabc31befe9f093b66	3282	lumiq_compact_prd.xml
3feda1912fecb9ee4717bef2018d9e6dc8a6111eabab9fffbd45ab50bc9636b7	5684	lumiq_doc_visuals/home.png
be0f4a0e5e73f1b444c25a51ac0006a4b840da7c4375ac5d74002de70cce2c03	55977	lumiq_doc_visuals/pal.png
a164c45942292feec77593e0a213d9881399720ac4dc516fb262ad5526ca0779	55333	lumiq_doc_visuals/plans.png
8f8c56e50357e08782dc9de3f9c4d1395cdbef68755ca6379870085c52ef8b04	55298	lumiq_doc_visuals/products.png
e7f69e03c8d746499ce21cc6dfb6385dd660d6fb784a652ef3a40f37e1baff41	75904	lumiq_doc_visuals/site-home-desktop.png
80676faa8d635c7b7f644b4caf36bec5785ef534b2e6dbc60e5938042fc517ba	37915	lumiq_doc_visuals/site-home-mobile.png
67a11a38d831280209d03ce8a61ff8c9fda431ee6e0cb45ceb6bcea45353bb45	89526	lumiq_doc_visuals/site-plans-desktop.png
56d272c2d7977b46a36e86d9e9f1b3da67862e9a339a88a22d2eb4b634cdda5b	18510	lumiq_doc_visuals/story.png
930ea0f03fa7c7148c4cd66f94e3832b3ddbd4444e24d4c2c754ac019e8519a5	221	lumiq_only_grid.xml
430e5c65ce4675b50c5b9864f4a9b75a8fb29c6274ac6a835459224a79672e7c	232	lumiq_only_ia.xml
431c0a962c4c40c35430eee87ecf55c50ef870eb83c91842e2f100f2b8c5e7e1	29495	lumiq_prd_compressed.xml
b50f93602578eb36d3d58bf5c82d66d3ae59af0e92c522c7dcebb151382758e4	1306248	output/audit/00-live-story-before.png
759ec0ee7eaad434252f9a81bf93ca3d49766331d91e5e1394bd1becd2bc94e5	118535	output/audit/01-story-desktop.png
644937ed80b2d1e150cba38548a6a1572125e0707444d73534c8657a7251f1e9	90306	output/audit/02-products-desktop.png
b53074d98941db48753f08a2613dec9cb9c1bd6a52da10619ceb6dab0347faa6	60749	output/audit/03-story-mobile.png
d0c27e5a55d58547abe320005c7e118786b43a984f17bed16eb807f9330ba896	49651	output/audit/04-products-mobile.png
49fc6f16e2007890a5218a66529771a728ddea591ff4a40ce81fd78f32c83734	37167	output/audit/05-faq-search-mobile.png
c399b85da17c672155c9ed03365f9a5e7495088f919e7d720d8119b924a59f4f	1675468	output/imagegen/hero/lumiq-hero-v3-ring-gallery.png
d59a9c0125a0b580b1220d6fcdf656d7852dcac361d6619432535608dcbb4476	1778037	output/imagegen/hero/lumiq-hero-v4-ribbon-corridor.png
64affc8c61ce3817174e0844b300026b05b44da5c6e4f93b016b0ceecc409a03	1602691	output/imagegen/hero/lumiq-hero-v5-quiet-gallery.png
0610ea4d94d97aeb7f26fbcee27967ad634807a2c6cf974d857df2d3311afd78	1689678	output/imagegen/hero/lumiq-hero-v6-signature-wordmark.png
bab02dd8293b5e130f3f77a2b64e870801d8df5784c0ce385e762dcf38eab5a9	1141	output/imagegen/hero/lumiq-hero-variants-prompts.md
ab6346158a92fd6e913e02416428d86a333c6ad599ed9059f2a94ad6dfbc7aea	1618798	output/imagegen/hero/lumiq-hero-white-ribbon-logo-v2.png
3e203b32125a351bb9ace4455c5b9995f108e843f2bc5ffae19c80db5ffc27c8	5841677	output/imagegen/libtv/lumiq-home-libimage-9x21-v1.png
77831b527b24bd7bdc65c2b1dc72e93d2487955e8725f656bcdffec3a42ece7f	1962208	output/imagegen/lumiq-h3-floors-v2/00-loading-background-only-2k.png
e9f8458ab5a475418422ff54f7c0787254b3eac78d73eea3349cb11378df992c	2089049	output/imagegen/lumiq-h3-floors-v2/00-loading-glass-lumiq-2k.png
2deee5f9d9eefe8d85c735dca46e92ebf7b2793063af0e2f96badac739703c5c	2066809	output/imagegen/lumiq-h3-floors-v2/00-loading-libimage-2k.png
dcdf9bd939e16ff743948471275fa3c5cdd94a4c25857f7352457a47d7c23272	1954088	output/imagegen/lumiq-h3-floors-v2/00-loading-small-glass-lumiq-2k.png
8df8532116bdbfe40d9787649fc0dc9c7f48a2da8acb5c4c915b5f2c10d54a3d	2065978	output/imagegen/lumiq-h3-floors-v2/01-hero-final-2k.png
066e9e72c3a1a913dbb7afa3fca64ed9d2ccb671adfe30eeb5991038b58fa375	6716108	output/imagegen/lumiq-h3-floors-v2/01-hero-libimage-4k.png
5cca1b36840d14e28b8469be9090bfb8b2375842a806682a6202ce4557ddbf32	2128904	output/imagegen/lumiq-h3-floors-v2/02-story-libimage-2k.png
9cf74031c6e4b6f7e240fa3fa6f519f0704d9038cd8814d2a543c97ff668a7bc	2216579	output/imagegen/lumiq-h3-floors-v2/03-products-libimage-2k.png
4f210cfa9d879f8bffc940db2905f73c62bb3319e60d287aae5c5856cd1f8849	2213794	output/imagegen/lumiq-h3-floors-v2/04-ecosystem-final-2k.png
5d2337d1f063e6daf6afd01a3b8537a30b694cb7eec39d3fa5c1832dc8763748	7160431	output/imagegen/lumiq-h3-floors-v2/04-ecosystem-libimage-4k.png
93002b485367c63b19f39b9ff8b236b8984b4e9afc9172946a043358f7ee5094	2030635	output/imagegen/lumiq-h3-floors-v2/05-trust-libimage-2k.png
11d11d605a68f3132c92c34c2cb3933c3b480761d79cf83d36532262b9f83109	1619123	output/imagegen/lumiq-h3-floors-v2/06-waitlist-final-2k.png
68f2eaa45689aac020af72b421182f5355ad0fa5577482b7cc15bee39175732a	4852977	output/imagegen/lumiq-h3-floors-v2/06-waitlist-libimage-4k.png
7e5ff00ef54ddd66ab9e4e92484726483765735f9797f5a3f261186b5f38d766	4646	output/imagegen/lumiq-h3-floors-v2/README.md
427564b88d0ae4d5fd4ad8b860206b654a739dc9ff2da0f9492030f308406401	1004397	output/imagegen/lumiq-h3-floors-v2/check-04-06.png
cbc0409ea867cd1d27beeb756406ebcc848dd19001aac598e88f43f95f0675ee	2057301	output/imagegen/lumiq-h3-floors-v2/final-nav/01-hero-nav.png
f61abbb903c86b723ecc3243252c06fd1e0b00ca22b3600147e1001e8df4a9d0	2177563	output/imagegen/lumiq-h3-floors-v2/final-nav/02-story-nav.png
57a5c49803d2f9dc962accf45f58382b22af6fc109cc8ba1123aaa42bf3bd173	2241677	output/imagegen/lumiq-h3-floors-v2/final-nav/03-products-nav.png
f3eedd38a714bd8750ee791e61cf65068ae30ddc3cfd590eb0b490d8ec4d4563	2182939	output/imagegen/lumiq-h3-floors-v2/final-nav/04-ecosystem-nav.png
7c5991ffb2fd0ab3523ad51fb07a6d712ac313fad3699340a6c899ce14bb6203	2040168	output/imagegen/lumiq-h3-floors-v2/final-nav/05-trust-nav.png
2f08bc1964ba16c968209dfc7cdbb52d6800ab404cd23d4e0d3e16f1ac106154	1466816	output/imagegen/lumiq-h3-floors-v2/final-nav/06-waitlist-nav.png
000171fcb93bce9991ba4da3be417feb8792e8503cfda8001db859fb0909c51d	1801671	output/imagegen/lumiq-h3-floors-v2/final-nav/six-floor-contact-sheet.png
3405754abfb3f4a2085a9c064f3eb8ec96fe8e6d3627285af758900bace7643d	3435	output/imagegen/lumiq-h3-floors-v2/h3-smart-multiref-prompt.txt
b844b8884fcd8019c2369e4b337a3295df515d5fb5dd3f642e2991f554d77448	2623	output/imagegen/lumiq-h3-floors-v2/h3-variant-a-hologram-relay.txt
db234be5d8935459ba8660ae06f88e71e2ce61c953b6499433399c597cc9d2f7	2574	output/imagegen/lumiq-h3-floors-v2/h3-variant-b-ribbon-flow.txt
6b3faf34916cf0bd19f00bc691e3ae2b0021178dd39969d767e7255210c6abfb	2520	output/imagegen/lumiq-h3-floors-v2/h3-variant-c-portal-depth.txt
3e1898bc0d15429b54a1bab515a82b10f1ac9fbc72ad174e1023e259ff1c8ef1	3123	output/imagegen/lumiq-h3-floors-v2/h3-variant-d-real-scroll.txt
c2cb3193257185fd68c3acfd98de773f023d18e9a47bd1858045d6ce97cfb207	3395	output/imagegen/lumiq-h3-floors-v2/h3-variant-e-loading-scroll.txt
e56dd1fc0644c692950acdb0bf2ab4c18285bddcd73b4fbf78f79ea9d7434682	3382	output/imagegen/lumiq-h3-floors-v2/h3-variant-f-logo-loading-scroll.txt
6f9a7d553d6c35be45db1750ca6417b608f0b55a762822d1da0a0fce59d751f2	3677	output/imagegen/lumiq-h3-floors-v2/h3-variant-g-glass-logo-scroll.txt
eb8ea7dffa16d8249ae74a2e7b95843bf97c26e7b2d71d58908fc27addd0ab7c	2587	output/imagegen/lumiq-h3-floors-v2/h3-variant-h-small-letters-glass-scroll.txt
b476852ca077dcf30f507f961434bcf5065a50d5d765de9f0334a4d9dea2534b	22623	output/imagegen/lumiq-h3-floors-v2/navigation-overlay.png
b7f6ba976a54cd85e632814f84d913daede089d70a951b95fd481fa6df7caded	1118	output/imagegen/lumiq-h3-floors-v2/navigation-overlay.svg
6d517da5f874ffd553ec4f41ae075684c8cbf4c9a5975658fdd5dcb2a7c770d4	2104969	output/imagegen/lumiq-h3-floors-v2/已完成四层预览.png
38d602d54cda6841d46ce2d4d0f47b3bb6fceb7d41a6fc761c05609ad254420c	630169	output/imagegen/lumiq-home-00-five-directions.jpg
3bdf16cbebe6fa2e9f895efc16f3a64023c866b8a8cebdd508e7cd8593a18b3f	1868328	output/imagegen/lumiq-home-01-aurora-white.png
1211075af36518df573d406e4b00c68e80fc4280a0ca07cc6a8d69049c883a53	2225466	output/imagegen/lumiq-home-02-day-to-night.png
b830ca38fde4be54c11a42d7a0962ba6082d688924a343646cede6591c9e7fbb	2204851	output/imagegen/lumiq-home-03-light-chapters.png
1070627835c84689e545f7f17c28593e214333a39b811860bb86ebc3802bb86a	2073430	output/imagegen/lumiq-home-04-orbit-gallery.png
cbb35e8cccd9353cd715bec79fd4227fd5d4700dd821eb8e7725271fd1b2d190	2282572	output/imagegen/lumiq-home-05-home-long-take.png
1df55842069b291bb932bc3295b8590adb5c45e1ea229266482e983ef7a112b4	2396426	output/imagegen/lumiq-revision-2026-09-03/03-products-dark-nav.png
014fa9a45769c7990786f980c42eab88fc14550f43a5394cffd0b60593114fcd	2472998	output/imagegen/lumiq-revision-2026-09-03/03-products-dark-raw.png
977248c75f759350f5d699467b492d652a822f485dc6ded06d56df42e2508013	2660671	output/imagegen/lumiq-revision-2026-09-03/03-products-dusk-nav.png
25afbb177c7d3a0ad525bd52e1ff2ec99df0b8f8bdb8912cd74e9b8a57aa2430	2708224	output/imagegen/lumiq-revision-2026-09-03/03-products-dusk-raw.png
08bb74f8faba52fe12215372ff8e1d8c80685664aec721dc221124a3f8645682	2102973	output/imagegen/lumiq-revision-2026-09-03/05-trust-dark-nav.png
964f41fa94c6714b022338986aceec65655b61ede7563bf49c5d95a2ca86ede4	2299882	output/imagegen/lumiq-revision-2026-09-03/05-trust-dark-raw.png
6e2007265c1a55fb5c1fa0783e5c19d3637c58903486ced2064631adcc86464b	2277853	output/imagegen/lumiq-revision-2026-09-03/05-trust-pearl-nav.png
eb722a655e667c7de012c6acdae324e07ae82cbc4bd87bebb9e95a1993aee7a5	2442022	output/imagegen/lumiq-revision-2026-09-03/05-trust-pearl-raw.png
eefb103604f4c7ef55875506274b736f350b49e2fec7bb2a0ef03bebe3ef027d	2376	output/imagegen/lumiq-revision-2026-09-03/h3-variant-i-balanced-light-scroll.txt
db156f3ad94a3ee0ef3c1c7ebe090f8772d866688180985690d1e92337726b86	1198	output/imagegen/lumiq-revision-2026-09-03/loading-large-blank.png
ead3a6d38899226fe2be37b35f1094b5c35f33e128fba49afff407ffdb2b630e	409577	output/imagegen/lumiq-revision-2026-09-03/logo-crop.png
15ff5b4fd43b346755e08d302fdc2d040a0736b8730bd34a25f6122ff0d251d9	22422	output/imagegen/lumiq-revision-2026-09-03/navigation-large.png
ea4e355ee1c1f602d5a80eed58fcda9caa1004b0ba660c1028a7463937589233	1170	output/imagegen/lumiq-revision-2026-09-03/navigation-large.svg
4157c75e2a8a24e1f51bb339794b93c10092e0c539328efd64e4f63466da608d	607927	output/imagegen/v2-9x21/lumiq-home-v2-00-five-9x21-overview.jpg
36ab9ab9dd43c3cafedfe1b58b31a70221b1fdff674f0148002cdefa1007fe47	2956958	output/imagegen/v2-9x21/lumiq-home-v2-01-aurora-architecture-9x21.png
fd420f69b4621ef7fa54254729b881f592863f306a4094070c6ffa6a65cd9723	7373756	output/imagegen/v2-9x21/lumiq-home-v2-01-aurora-architecture-source.png
8262a6af3c93a32871cb0d435b3db4286d23c2bb88226844aa2b6387f5d2eb28	1799087	output/imagegen/v2-9x21/lumiq-home-v2-01-aurora-seven-floors-9x21.png
7303f45dcd4d94a9e709f9baabeee487d7e516080861d3d83749ce57affd45b7	1749301	output/imagegen/v2-9x21/lumiq-home-v2-01b-aurora-seven-floors-source.png
6f18a1f9af010fe817c2c86b5b2a0bba4deb70a99e3b4f3e763a66d06c29b4e1	1651351	output/imagegen/v2-9x21/lumiq-home-v2-02-daylight-bands-9x21.png
a3e9e19feb3ef69ca331b8d75206cdcb75a23eaa00befc89fb4adeb349cb0c1f	1562261	output/imagegen/v2-9x21/lumiq-home-v2-02-daylight-bands-source.png
15bd4e5af2cef2fded6ed1f61916a306fea0856fb58850acacf5860cfcdabbac	1726889	output/imagegen/v2-9x21/lumiq-home-v2-03-numbered-chapters-9x21.png
41fc776c71b691390e7dce9b65017539c14eaaf45f8e2db41cb3bd4849c8d0cc	1633167	output/imagegen/v2-9x21/lumiq-home-v2-03-numbered-chapters-source.png
67d97d622ee142f12af7d5ec1eec6d3b06ac16c3d590c85bacbc54edda445f00	2119565	output/imagegen/v2-9x21/lumiq-home-v2-04-gallery-shelves-9x21.png
a9105224d968b1831066d1837c904a312976cb6f33ffbde83df617c63227a1e7	2060576	output/imagegen/v2-9x21/lumiq-home-v2-04-gallery-shelves-source.png
b4c837211e3a4cbcdab0d07ea16c4889aa685b40abd03ce36dfb0048d149c70a	1844635	output/imagegen/v2-9x21/lumiq-home-v2-05-home-rooms-9x21.png
2b2ae5cd0275d21af0b425f8e007fb8ef677d36464747ff660732d7dbd45fdc9	1748597	output/imagegen/v2-9x21/lumiq-home-v2-05-home-rooms-source.png
4748d8137916849dfb0135ecc50971d59ba6705e6138f388d6e45cdd30b2469b	1687893	output/libtv-h3/first.png
f76cc08087fe0a407b216f1605d7359972cb9dcc167d5486e14648aca98065dd	2716757	output/libtv-h3/last.png
580c60e5e7f95c4a963a837abcfb53ae84c320ea256ef56e9f0dde8cc38f687f	2197883	output/libtv-h3/lumiq-pearl-hero-h3-2k-contact.png
a77a32abdb320b3d7a3dcc47bd836f583f2fcdead7c92a0779a0019c8742a56b	4510047	output/libtv-h3/lumiq-pearl-hero-h3-2k.mp4
d8f65267c634057bc3fbcb5a550a466d3e536cbbc1ab86524080f9f051dcb467	1824481	output/libtv/h3-six-floor-qa/contact-sheet.png
61ff670a13a18f6c671abc127d7972c68cd1da5efb54c91378671311ca0b24ab	2127085	output/libtv/h3-six-floor-qa/frame-01.png
b12dc8295eeb6d2e09a427a7a514df4a4f10915dddef9f21917a173365b6427f	2436309	output/libtv/h3-six-floor-qa/frame-02.png
33ef3de5141ad0ac047102c95a5e61b61ba1938645d36fa6e0e19532c06c1eb4	2076233	output/libtv/h3-six-floor-qa/frame-03.png
6c4d49c1e56b284d8ac6fbd14d2b94eb9a56be7747eefc5875baf00b75b4ed83	1823451	output/libtv/h3-six-floor-qa/frame-04.png
d8502dc4b0edca86131ec88e8fa4c32ad906f28c987adda4a7786691fdd50216	2147335	output/libtv/h3-six-floor-qa/frame-05.png
f54bc42995c4d1945f99e56cdce628910c46a63c438f074c30f3811e12577858	2658362	output/libtv/h3-six-floor-qa/frame-06.png
7fbcf358442a3e197963e2877c9df751c895c9ac8d7e9dedeea2f884e71cdb3b	2638870	output/libtv/h3-six-floor-qa/frame-07.png
36e177cb90881f4875d07b41ab28c28baf69153e4e3286ed6677d265c500af67	1918630	output/libtv/h3-six-floor-qa/frame-08.png
cfc67f1ba0c90fe25da71d872aa4f03a789d7aadfcae0e8b37cbf14c1d9d52d4	1538367	output/libtv/h3-six-floor-qa/frame-09.png
18691c25417345387dce833bebb57814287bab6e9228c0ce9ed5fe263879c8ad	1604186	output/libtv/h3-six-floor-qa/frame-10.png
d4689805cb4d17c181ab45b92228ff03ea9ea8ab96e99e10dea69725b9b3b734	1057717	output/libtv/h3-six-floor-qa/frame-11.png
05346d1d481c9de13717b0fa86b7342784097c4aba71ddc1ef24b4f01387f54b	1163463	output/libtv/h3-six-floor-qa/frame-12.png
424c6ab5c56b939ca930f47acfe87214cc7a386c4d122332e2aef4c47b0dafef	154323	output/libtv/h3-variants/loading-top-strip.png
141d2f1a1b9a51f370ecf1d40928d00ebda14e365d89d6a2d433aa311c54b94c	19614020	output/libtv/h3-variants/lumiq-h3-variant-a-final.mp4
67df488e23947f965ea458d37745abd4eae19ae8cd15748fcca3c5f3105d2975	11603099	output/libtv/h3-variants/lumiq-h3-variant-a.mp4
e06d7eb1d0e79bdfcf4666e9ee728b1eba0c8913f07852ef7ebe0a53bf379c05	25036306	output/libtv/h3-variants/lumiq-h3-variant-b-final.mp4
de9420ceb194b9a58e259df0f4f6a1a9e295a7b56bd9f946a0c6e469c1543b8e	15513874	output/libtv/h3-variants/lumiq-h3-variant-b.mp4
f95322822b5a326235e70be81cfd020347714305a169829e33dd6ab73b801567	22651477	output/libtv/h3-variants/lumiq-h3-variant-c-final.mp4
fcfb7551eba2d0744f54e64366f19572c0efb1cd0918c2037836a6cabf132e74	13637423	output/libtv/h3-variants/lumiq-h3-variant-c.mp4
0b88dcb35b7959ac046273d131da483e671611eda2166aa880f750105b0229cb	20435369	output/libtv/h3-variants/lumiq-h3-variant-d-final.mp4
5138a1af8393feeba8c8d5ffa5a613f2e9a369b039d7ff108a755a1306832c27	11719925	output/libtv/h3-variants/lumiq-h3-variant-d-raw.mp4
70a40210208de3fcde7cec97d9c9bd51bb7c0b3367e92e4e80f13c3769f4d0ad	23494219	output/libtv/h3-variants/lumiq-h3-variant-f-final.mp4
6108ce058d3d23eaf3d8f94953e6774462ab4e61c7b5fe794f911c2266347708	12875044	output/libtv/h3-variants/lumiq-h3-variant-f-raw.mp4
b9c19563d427556cbe78e35b5c5c07fb36220ab0d01a79f9644f866dedba4a2a	23649269	output/libtv/h3-variants/lumiq-h3-variant-g-final.mp4
9ea28b42c0693c30114d4ded9d3ff9a3f0b08f853a088d279b39f23c746f94fa	12755335	output/libtv/h3-variants/lumiq-h3-variant-g-raw.mp4
af0b1279b8a6c4c101cf7e8b82610ac4511cd298f02f944773dd91485fc3f892	21955130	output/libtv/h3-variants/lumiq-h3-variant-h-final.mp4
7cbaffd0d1b761887ab141b6fb8c871534eee9f26447d490d5e14337ce4606ca	12313401	output/libtv/h3-variants/lumiq-h3-variant-h-raw.mp4
9ade801acddae641595793bb97c3f1579d6d47e05ff5e9872aa1a076bea62350	27278389	output/libtv/h3-variants/lumiq-h3-variant-i-balanced-final-v2.mp4
ddd2803e2b2cdd3200101528dbfa737f55f2c41f95cc80864996123a93186b0f	27491336	output/libtv/h3-variants/lumiq-h3-variant-i-balanced-final.mp4
b87586f26e266fa4a5a6528acf3bfdd0accae9aa8d6a487bda06632ef616d48d	16136303	output/libtv/h3-variants/lumiq-h3-variant-i-raw.mp4
52a5b127e34439679ac1c1218aadef7d4a6c9bc5b27b2242ba0178adf27ba2c7	103526	output/libtv/h3-variants/navigation-strip.png
0ded65c1fe42f6e9b16754443bd4add0eb2c3efcb9fa0bbb863b67cfbee770de	152414	output/libtv/h3-variants/qa-a/contact-sheet.jpg
6b0233adec47f6a29ceaa4bc60fac01ee643250b9cbad51778fea19d0eb12980	179492	output/libtv/h3-variants/qa-b/contact-sheet.jpg
0b904302bf4c692d440cd7dc9d1eeeea9849035aa638b532c21ecb217286f6ad	163679	output/libtv/h3-variants/qa-c/contact-sheet.jpg
8af87cc75a87adb6823f8623151e282c042f9e556d6a8fd94153d242a79ca16a	163605	output/libtv/h3-variants/qa-d/contact-sheet.jpg
92015c902ce2cbee996e446bd0e008acf10af09d6f625d4c65b0efb8d4cebb9d	149061	output/libtv/h3-variants/qa-f/contact-sheet.jpg
3804f9b9c0139f259329fc0e9253f45a3757a7dd86d46127ba265210f5bae09f	206976	output/libtv/h3-variants/qa-f/loading-dense.jpg
a856959490dd2016b2dd5c76a6aeead1b8deaa36f9e821b0909b1fbc4100b829	156357	output/libtv/h3-variants/qa-g/contact-sheet.jpg
9175c245b82e4a2a1333d10b850f9b9aa4c54d31989a36babcdd5807c433c794	178046	output/libtv/h3-variants/qa-g/intro-dense.jpg
09ff1896598a1c62acba00e7d1b886af86332aae7e9c5dd9342ccc8a094599f8	2323808	output/libtv/h3-variants/qa-h/full-contact.png
f0adacf15738d93118cb42a43445791a48705b1c4e0af4689af9ea97a06bc2eb	1611045	output/libtv/h3-variants/qa-h/intro-contact.png
a98d0ed657d1e03edae95910879ba21043bdeb965bbbc45167b159ec6a585225	1599370	output/libtv/h3-variants/qa-h/intro-final-contact.png
12936499924a9fef6c48e1b65b3d9309ec6dbfefac05110b32a1f1ffc0516f0e	2477444	output/libtv/h3-variants/qa-i/final-contact.png
78b7ffd15971a10c2e9e61a1d553bf52a4a6a3fb559647669c27f02fb42a6731	2433181	output/libtv/h3-variants/qa-i/final-v2-contact.png
11c3105bc10f996d75be49ad4beae14f63d2c3217fb4c2c0bdd3a1d015d209a9	2628583	output/libtv/h3-variants/qa-i/full-contact.png
fd657cfc11acb12fe9c4f65c1a71078e06f09ffd1262c003ff740a6de5a25e55	2665586	output/libtv/h3-variants/qa-i/intro-contact.png
2258e6672c3831ab4d4e3ceff02c8d5e432db62faa5422f0f691001536d111a9	2397872	output/libtv/lumiq-8-floor-static/03-products-nav.png
9bd6bc05e1db9ff7e88300c03295337b1c8e7bcc1c788aadd2b57dd9b061f214	2709081	output/libtv/lumiq-8-floor-static/04-product-ecosystem-nav.png
87193bc83b9e7ec8cda0232ec9c5d0f66ea7b57f6ada41b74d3d53c3a26b3ae7	2865834	output/libtv/lumiq-8-floor-static/05-family-use-cases-nav.png
425b898f1686e67096a7d9447c1368958a9b0a408d2acc28ec1eb8e69300f07b	2459638	output/libtv/lumiq-8-floor-static/07-trust-nav.png
7b06984aedc60ae7fcbef45408881c9cae6e6cb1470e04581706d83a84680446	2520133	output/libtv/lumiq-8-floor-static/changed-and-added-overview.png
120acab9a88bf5d1467ac2d9bacdce00f3b29eb3eafb7e6366cfe53fe8c1fcf5	2433068	output/libtv/lumiq-8-floor-static/新增04 产品生态 原始素材.png
abc97c8b5c734f4727bd72627f16acbfa6483b97e342802e1356fb25e7d34c25	2566829	output/libtv/lumiq-8-floor-static/新增05 家庭使用场景 原始素材.png
574bff67a2bf7a86cbdf481644cd09f52d73700bd7d4c3b63f670edc84c9ad99	2266555	output/libtv/lumiq-clean-originals/02-brand-nav.png
2258e6672c3831ab4d4e3ceff02c8d5e432db62faa5422f0f691001536d111a9	2397872	output/libtv/lumiq-clean-originals/03-products-nav.png
425b898f1686e67096a7d9447c1368958a9b0a408d2acc28ec1eb8e69300f07b	2459638	output/libtv/lumiq-clean-originals/05-trust-nav.png
cbc0409ea867cd1d27beeb756406ebcc848dd19001aac598e88f43f95f0675ee	2057301	output/libtv/lumiq-clean-originals/H3图01 首屏.png
f61abbb903c86b723ecc3243252c06fd1e0b00ca22b3600147e1001e8df4a9d0	2177563	output/libtv/lumiq-clean-originals/H3图02 品牌.png
f3eedd38a714bd8750ee791e61cf65068ae30ddc3cfd590eb0b490d8ec4d4563	2182939	output/libtv/lumiq-clean-originals/H3图04 生态.png
2f08bc1964ba16c968209dfc7cdbb52d6800ab404cd23d4e0d3e16f1ac106154	1466816	output/libtv/lumiq-clean-originals/H3图06 页脚.png
dd7b1caf4a641154bd988e96af95fadeb155bbf7216cda7e8d418943360003fa	1802025	output/libtv/lumiq-clean-originals/six-floor-overview-corrected.png
8261b9bac53aecbe518fc73a8c2e51ce861dd60e60516c794e369a6f70d5ffad	1705575	output/libtv/lumiq-clean-originals/six-floor-overview.png
d50e9764e363381125eacfe2ece6c7b7c4172b3ab3bbbba9c5720aedca9c2732	2022314	output/libtv/lumiq-clean-originals/重做02 品牌旅程 原始素材.png
d92ae06e7623e13dcca5979fa509db709fe156bd799adbf711ef4da735204fa1	2142345	output/libtv/lumiq-clean-originals/重做03 产品家族 原始素材.png
e46e9b9e98267622cd3f6f4f0ee0b21025c9664d1f0d543dd4b9a61eb1b1c385	2257336	output/libtv/lumiq-clean-originals/重做05 信任证明 原始素材.png
92d9be2d0ee15534b0f23f465d17b79a1f74a193fa4bd82f71fff53eff5e765e	12247593	output/libtv/lumiq-h3-six-floor-final.mp4
432d905cfe4203dc6976bb1311a2750503c49cbe03fb09f5989424bd7270420b	1301	output/libtv/lumiq-parallax-scenes/01-hero-prompt.txt
b7e94e1fbde8fe96a76737fd0781506d4ee0b152c7223edfbac155b1fcef73f7	1226	output/libtv/lumiq-parallax-scenes/02-story-prompt.txt
1e2bc807cac08ff044e397f762428218367c9d562cc10a7a6caa44ec59da2102	1171	output/libtv/lumiq-parallax-scenes/03-products-prompt.txt
2639eaab3bbc70771a1a986d7e5f8e4b911f774caeb7bca1e13da6391e37f4f3	1097	output/libtv/lumiq-parallax-scenes/04-ecosystem-prompt.txt
d9aebf9872220f5221d46d520237ecefe5b6b4356a9a08fa7e6a533f4a33e0cc	1031	output/libtv/lumiq-parallax-scenes/05-trust-prompt.txt
529a15ed91f28cc46800ce2a6fa306dfd121b726e9b77749446f95adb673ee83	1099	output/libtv/lumiq-parallax-scenes/06-waitlist-prompt.txt
ac49381d57768a86a6d69d217c94147968e4ff3596335bed55e5af912ece7880	435	output/libtv/lumiq-parallax-scenes/README.md
3179593d34a0f57e2076e40436e1b6a73a9d5aa7535ed87900943386222e8b35	1796540	output/libtv/lumiq-scroll-demo/00-full-page.png
13b3bc214d34333cc86336074db1b2d8c35ecf8328768c1dd1d871068fe4ea6c	388474	output/libtv/lumiq-scroll-demo/01-hero.png
fcb343c265b6362de4aeff2ec652cd8e4abe63eee43f5623a93f77547b4200f7	372730	output/libtv/lumiq-scroll-demo/02-brand-story.png
51332230d3d5e399a7aff728408c08c451eec4d1cc950b43fee23aa78d090107	443219	output/libtv/lumiq-scroll-demo/03-product-family.png
ffcf6f6464d867f6985fe4220ee09f8685ffea4fa34726693cf947ee0c44bdc1	446013	output/libtv/lumiq-scroll-demo/04-connected-ecosystem.png
1186646dfae245ebb1032301a4fa2831fe183d0c5208ef24cb848080362baf72	320328	output/libtv/lumiq-scroll-demo/05-trust.png
b652d34cdeabaa33a1f86dae8d9514d22b93a9218ae26cb256d830e9aa07359b	286407	output/libtv/lumiq-scroll-demo/06-waitlist-footer.png
b49cf894a5b02d0d34bc12868f2676cc3a55e30a39fb191617017cf071ef39a9	496126	output/libtv/lumiq-scroll-demo/11-viewport-hero.png
50cec2f465588dcc2b634939add73938f5b47bfdf210d3b0cf6aa1d9054adfbc	502154	output/libtv/lumiq-scroll-demo/12-viewport-story.png
48ca39e7ec0e9c399d027136a8df102d4a06e76d7a3a677f4f4ae3889a0e6359	475767	output/libtv/lumiq-scroll-demo/13-viewport-products.png
717750af4bc9cdda4f8177d47593688ef0cd70cd4696f409687c574175c46647	526983	output/libtv/lumiq-scroll-demo/14-viewport-ecosystem.png
1d121e77638088940e308ce8568e789b1b84ed19f6c5f8bebfa924ee6681911a	489578	output/libtv/lumiq-scroll-demo/15-viewport-trust.png
53c12aa1c7a1b9e84d04608237fa89e9f196c8b7b977b49bdfbe8c28dbe2a99f	393663	output/libtv/lumiq-scroll-demo/16-viewport-waitlist.png
6e1202758814a4d7c1b543fd75e750596a219102484d603fcab02324268bc945	836	output/libtv/lumiq-scroll-demo/README.md
7ef494ec61f4615c9b76f7fe4344127e96cf7cbbe3a3161cdad1669b0b3471b8	20675375	output/libtv/lumiq-scroll-demo/lumiq-scroll-demo-minimax-h3-16x9.mp4
4256b01cb21d3106e371b3ae99e78c4852e00094dbd7f2eb4682d73607403075	18720113	output/libtv/lumiq-scroll-demo/lumiq-scroll-demo-minimax-h3.mp4
093608916d2af9fb7a387aa159ce1b052a2cafcd58e26e5b26e17f6753668dd6	2782	output/libtv/lumiq-scroll-demo/minimax-h3-prompt-16x9.txt
6588b261250981cd60e11f01b836d2dd18e763f06f992ceaa622894bdcf9a2b8	2964	output/libtv/lumiq-scroll-demo/minimax-h3-prompt.txt
dffb7cd8eeb1216e77146bc473494117e6c1ecd76cf7ffc3b28dfa96712c7a64	1905527	output/libtv/lumiq-scroll-demo/qa-01.png
28d6ee90738af5f8861e703f4fbc0e8534399a76b4b75e1fa04b7baafc2c4ab4	2307015	output/libtv/lumiq-scroll-demo/qa-02.png
f3189f4b61214e7712d89cfbd4733859c79b84a057b4cfa84d7729a266844094	1865509	output/libtv/lumiq-scroll-demo/qa-03.png
e94d1d0b087832890b77ab121fe484d135bdf9a5e95ddb247ff78f5dbfdf8765	2250385	output/libtv/lumiq-scroll-demo/qa-04.png
d018b7c26f770a0d257a0fecb2aea7ccaae16d169614a295c3aff5db55a4e869	2106768	output/libtv/lumiq-scroll-demo/qa-05.png
b0b55c5e23f5fdd843f0add5e350ec62ec19765000048c784ea35717b92bdcc0	1858228	output/libtv/lumiq-scroll-demo/qa-06.png
e05efda542faebc4e19caeb479a7d3de59dd5c6417d971766eb567cc2d5e563f	1539691	output/libtv/lumiq-scroll-demo/qa-07.png
80d9a65eb0b0432ade8ecd3e82934772fff84320a5ed2bb1d5463e4f2b9a2ed8	1862716	output/libtv/lumiq-scroll-demo/qa-contact-sheet.png
76f43542e29c8f0f1d6aec49b6e4648e032a9e3bf913a12698d7fc89bdaab387	3271177	output/libtv/lumiq-scroll-demo/reference-contact-sheet.png
1941944ffa487e10a55a4ba0f74d4e1a74357f32e4729cabc9740f947c200296	1688032	output/libtv/lumiq-scroll-demo/source-floor-contact-sheet.png
08ee3ee5a9bd74611b861040661c33d9d9425e946429b345afc413b84eef94a1	175197	output/playwright/products-current.png
cd7293cd97e3c509a1d639f88b548736af45e35fa82fa0078e4d40b6528194aa	93482	output/product-reference-check/01-tablet-current-page.png
45f657404c755f2c7f77e31c6520004212bbbb4526364b081b9bec47d43ad71b	87197	output/product-reference-check/02-ola-current-page.png
a278625dc149c9541b838e030433c54a2a00fa1a0716117f539889aebc1c12cc	16081099	output/交付/H版静态页面.zip
77831b527b24bd7bdc65c2b1dc72e93d2487955e8725f656bcdffec3a42ece7f	1962208	output/交付/H版静态页面/00-开场纯背景.png
dcdf9bd939e16ff743948471275fa3c5cdd94a4c25857f7352457a47d7c23272	1954088	output/交付/H版静态页面/00A-小Logo过渡.png
cbc0409ea867cd1d27beeb756406ebcc848dd19001aac598e88f43f95f0675ee	2057301	output/交付/H版静态页面/01-首屏.png
f61abbb903c86b723ecc3243252c06fd1e0b00ca22b3600147e1001e8df4a9d0	2177563	output/交付/H版静态页面/02-品牌故事.png
57a5c49803d2f9dc962accf45f58382b22af6fc109cc8ba1123aaa42bf3bd173	2241677	output/交付/H版静态页面/03-产品系列.png
f3eedd38a714bd8750ee791e61cf65068ae30ddc3cfd590eb0b490d8ec4d4563	2182939	output/交付/H版静态页面/04-家庭生态.png
7c5991ffb2fd0ab3523ad51fb07a6d712ac313fad3699340a6c899ce14bb6203	2040168	output/交付/H版静态页面/05-信任与证明.png
2f08bc1964ba16c968209dfc7cdbb52d6800ab404cd23d4e0d3e16f1ac106154	1466816	output/交付/H版静态页面/06-候补名单与页脚.png
96ace58457cc6a558cf989ae78d0152c12caeffde21dbb487243de2255db9127	16075718	output/交付/甲方反馈改版-2026-09-03.zip
3ad9724d682ece97fdb7dd61ebb2539a30a58dccef947ef6ef02c660feb016e2	1921336	output/交付/甲方反馈改版-2026-09-03/01-首屏.png
d45fbefb198e23a1f2554d2ad886923e780191891f84f12e0d0cd31b0d641c2c	2034796	output/交付/甲方反馈改版-2026-09-03/02-品牌故事.png
1df55842069b291bb932bc3295b8590adb5c45e1ea229266482e983ef7a112b4	2396426	output/交付/甲方反馈改版-2026-09-03/03-产品系列-深色展厅.png
53e2da9ee0d390c71391492ce33e714935295eec6aaf61805deda7411deb85ca	2072752	output/交付/甲方反馈改版-2026-09-03/04-家庭生态.png
08bb74f8faba52fe12215372ff8e1d8c80685664aec721dc221124a3f8645682	2102973	output/交付/甲方反馈改版-2026-09-03/05-信任与证明-深色叙事.png
d27666c34d6ce70679cb625bb1cee87fcdbeaad857192de8d8e48c0a9004e4a7	1323702	output/交付/甲方反馈改版-2026-09-03/06-候补名单与页脚.png
8e7915d095aca2936f42b72073d7d737c44e51541d26e9a4729f322c9d00296c	4236863	output/交付/甲方反馈改版-2026-09-03/六屏总览.png
5ee78c40857a8b36fbf6de027841790d9b5347f11450c264be11201545640ac2	19537	outputs/dialogue-plan-2-long/index.html
b0cc19d784e4b8875ce88b54585a244b515eddf19674c1c6040cad0eaa3a18f8	623046	outputs/dialogue-plan-2-long/lumiq-dialogue-plan-2-long-preview.jpg
d1029a66c9eb9c2e89ab3daf0bccd037b7bbbaec932c6836a0d0fac80c78f24c	12705081	outputs/dialogue-plan-2-long/lumiq-dialogue-plan-2-long.png
98fb6e41beffd74a02ef1622dd93a8b449be534ffd2c6832f0993d1f599dfa59	640377	outputs/libtv-4k-redraw/generated/4k-landscape-contact.jpg
8fe2916c45b39c09584a4a72303e27fb65882867b6b5cec4695bceda6d3fb0aa	272642	outputs/libtv-4k-redraw/generated/4k-portrait-contact.jpg
80ba9f5d6c6836919a1c2dd751000aa2991acea47088750ff4ce033882a8a755	19118228	outputs/libtv-4k-redraw/generated/family-together-mobile.png
50e0d47c8af5b6c179cae2f7868598836697a4c2f281aa7c22ae68583cbdce41	20346907	outputs/libtv-4k-redraw/generated/family-together.png
3cf47a7c796bb7d11ef4ae16101889af5d6f1f7277bc60d28aff90f8f672cb8c	18157837	outputs/libtv-4k-redraw/generated/hero-family-products-mobile.png
519b2c7b81e67e86b553b61e05f080f74d73f5a25ac5a3670e53e23c2e22348a	17836340	outputs/libtv-4k-redraw/generated/hero-family-products.png
0a69a79a6bb273f1184af2d7fa186d3bbf542e8bf37a04d1503ded46cbc83a9a	18356877	outputs/libtv-4k-redraw/generated/join-home.png
643d60f61475d0c6b8b741623257ad22cd33640fa35f5bca9d81f88f14c39d9d	18483943	outputs/libtv-4k-redraw/generated/nest-home-rhythm.png
f05eb80d6c57c3217e61c53c212c59dfc90a24489833372d199d3263c9655086	18314498	outputs/libtv-4k-redraw/generated/ola-with-child.png
6dfc31fb6ef38dfd8dbd351468ed219f3f04121d059f8c84026a2817ad19177d	18637127	outputs/libtv-4k-redraw/generated/tablet-reading.png
007d575a7de86a0ad673a3036d431aa27f99f4702abe4550daf3539b295931e0	5602	outputs/libtv-4k-redraw/playwright-cli-debug/page-2026-08-28T18-25-18-384Z.yml
2740a5a647b21cc32ae7249f00994323d45e72069b4c378dbe435aaf70041e24	5788	outputs/libtv-4k-redraw/playwright-cli-debug/page-2026-08-28T18-25-36-089Z.yml
d72745d85eff301225dd41633a4e7a4603ce01e00841ee96e6178b872ae80a2d	5818	outputs/libtv-4k-redraw/playwright-cli-debug/page-2026-08-28T18-27-49-281Z.yml
47085c350540cdeee3c0b2539da7a2998861034cf85b6baaaa3ff3710a7b1bf5	6000	outputs/libtv-4k-redraw/playwright-cli-debug/page-2026-08-28T18-30-06-911Z.yml
d72745d85eff301225dd41633a4e7a4603ce01e00841ee96e6178b872ae80a2d	5818	outputs/libtv-4k-redraw/playwright-cli-debug/page-2026-08-28T18-31-00-446Z.yml
d72745d85eff301225dd41633a4e7a4603ce01e00841ee96e6178b872ae80a2d	5818	outputs/libtv-4k-redraw/playwright-cli-debug/page-2026-08-28T18-31-43-496Z.yml
d72745d85eff301225dd41633a4e7a4603ce01e00841ee96e6178b872ae80a2d	5818	outputs/libtv-4k-redraw/playwright-cli-debug/page-2026-08-28T18-32-49-765Z.yml
d72745d85eff301225dd41633a4e7a4603ce01e00841ee96e6178b872ae80a2d	5818	outputs/libtv-4k-redraw/playwright-cli-debug/page-2026-08-28T18-32-56-465Z.yml
5dd8884633106e857bea539cde65cc15a246d56e1c14b0e82ee92a51971c5d28	4537	outputs/libtv-4k-redraw/playwright-cli-debug/page-2026-08-28T18-34-05-958Z.yml
7a49fd322bf3f1b97b27ea8f9215a8689d04b597fdd30b0f391c4b8c723eba56	1625606	outputs/libtv-4k-redraw/previews/home-4k-desktop-family.png
9587cc92745b45d581f6a989cada52d37f85541137fdb4b2d74d1ee814901a01	1211606	outputs/libtv-4k-redraw/previews/home-4k-desktop-hero.png
c98aca9e35e935b0069d760d9856ad7dd6ac9124e6c094215b70ae323bf5a90e	1353400	outputs/libtv-4k-redraw/previews/home-4k-desktop-tablet.png
a0996b3f5252c19b320cb302fed589fcd505231d5b7a5379660217e3847dd953	450419	outputs/libtv-4k-redraw/previews/home-4k-mobile-family.png
062a7d0f11f00dc56a93971cb92967ec5a7f455fd64a52b15d8898b2eb2614ae	330551	outputs/libtv-4k-redraw/previews/home-4k-mobile-hero.png
f91a8a7327c0c1991cfbdd038df6eed6d8ccbbd71ec8ad7ef41caa04a6f35131	2167	outputs/libtv-4k-redraw/高清重绘通用提示词.md
c6c77137710d720a97e9e01b6104b9b3c0e80010ca78612a2c7dd31366ccac49	432458	outputs/libtv-4k-tests/hero-4k-detail-comparison.jpg
b16bcd57eb72e0becfbc2c5ccc67a657b8190de7ee59e68978f9960e20a1eaf6	16941764	outputs/libtv-4k-tests/hero-product-references-only.png
bff8e5f03cdade9d16ae8bbae19c9edba7262e4dd560cf5168394ed3e9b63054	17956323	outputs/libtv-4k-tests/hero-with-background-reference.png
2da64672733e85c31ad2faa8dce869dc97ac024da41917719b921b4702b323a2	5680010	outputs/lumiq-home-4k-long-4variants/方案A-珍珠粉白-4K长图.png
57cef256e3af9fa9654276aeb9da190dbbb2442eab38b849f7ef601b91f0f382	5933660	outputs/lumiq-home-4k-long-4variants/方案B-冰川淡蓝紫-4K长图.png
b2654f5970c87e4d97a952eb0d2ac264a953b4b4683ed966208c74cc5073713d	6240336	outputs/lumiq-home-4k-long-4variants/方案C-暖米白香槟-4K长图.png
7b3632727e49160a5a8208aeecbf4174da1808dcc00515a51a3a58dd9e271080	6125152	outputs/lumiq-home-4k-long-4variants/方案D-深夜蓝黑-4K长图.png
9ea2f3d8b86ffebdd5c3a201c92e8eee0b9c43078a74942f90493d606a5392f7	1779847	outputs/lumiq-home-assembled-final/LUMIQ-首页四版对比图.png
aeacfae8a1710415f1c2e8aa723da773e0e9322a5346931830c746bd7ef92a2f	4837527	outputs/lumiq-home-assembled-final/LUMIQ-首页长图-01-淡紫光环.png
840687db94d9ed15cf5af659c8e92ab90b6df22085e0259c41a3d81ae6a31111	4958934	outputs/lumiq-home-assembled-final/LUMIQ-首页长图-02-冰蓝光环.png
0a0b96ae09e58418847d6a1249edb5db7be1ad9c425adf6b9f80c7ab7782a4ed	5213216	outputs/lumiq-home-assembled-final/LUMIQ-首页长图-03-珍珠暖金.png
1751d52ef1072e3e44706f5e51f15641b99f73313f8dbf4eae92f98c59117d93	5771573	outputs/lumiq-home-assembled-final/LUMIQ-首页长图-04-深夜蓝.png
859252742517efd402c5a1c8a76edfb2952e4bb183f339eee0e8a5c8a05cf4e6	5273838	outputs/lumiq-home-assembled-final/LUMIQ-首页长图-备选版.png
aeacfae8a1710415f1c2e8aa723da773e0e9322a5346931830c746bd7ef92a2f	4837527	outputs/lumiq-home-assembled-final/LUMIQ-首页长图-最终推荐版.png
b58a1a32cb10c7a7ac905b417d5db62b74645f47367d286df5aa52196a38598e	775281	outputs/lumiq-home-assembled-final/底部裁切定位.png
8a4248cefbc52e27e47727bdd7b672f80a49c720b621e511322e09f593a31ca7	4816876	outputs/lumiq-home-assembled-final/方案A-网页03-Family光效-重试01.png
5e40ed963072a75821634f4ef0098ad47f70fb656a704d3c11f310ddcebd0293	4653577	outputs/lumiq-home-assembled-final/方案A-网页03-Family光效-重试02.png
41c3b078c9697ed4b2e3eeb6c1761842a28bde1f8b5c8bc02f85c9b08458b5aa	3836818	outputs/lumiq-home-assembled-final/独立封底-白色Waitlist与页脚-01.png
db10793d9fdc96ce6dbe7a0c653391fc3fe1926bee380d32fe7f327ba268a24a	2393612	outputs/lumiq-home-assembled-final/独立封底-白色Waitlist与页脚-02.png
517e412a173a1948f989e6222875469d9f3be3a4e90e28449e47eb895354c8ca	4777250	outputs/lumiq-home-assembled-final/统一封底前段-浅色冰蓝光环-01.png
9c798770ddfe96b56168f21212d4e5ef97758712cf87b803f32bdd6ee3977cfa	5090144	outputs/lumiq-home-assembled-final/统一封底前段-浅色珍珠暖金-01.png
73689a71a758eebf91a260acc6cd5ac62392221c2569c88f25952daaaccbf3b8	5616513	outputs/lumiq-home-assembled-final/统一封底前段-深色夜蓝中段-01.png
a11c05ebfb4f29fb6442b65a6f177049087e22d1e299155caa01701ce8841017	6134398	outputs/lumiq-home-first-continuous-retries/方案A-连续过渡-重试01.png
5fe9a7df6ce0b7ab68fc82399050630004c3009faaccf407c603b2425d52e6a3	6294301	outputs/lumiq-home-first-continuous-retries/方案A-连续过渡-重试02.png
a5ff4a74fa16db8b8ba382e4784a8107ff3be926ab113a9b9cc1829844f7a843	6494214	outputs/lumiq-home-first-continuous-retries/方案A-连续过渡-重试03.png
845a27c644cd856e1f48903509db2983670030e2e7bbe21ae83e6f31cc0ae8ff	6546468	outputs/lumiq-home-first-varied-backgrounds/方案A-分区变调-重试01.png
ec46c922d92bd2667293ebaf011c481375f54f61221065bbdd5c518366a0a8ff	5825765	outputs/lumiq-home-first-varied-backgrounds/方案A-分区变调-重试02.png
6f2564df01154690916351948116ae52f8855f21c735298511fdb13a6398299b	5900869	outputs/lumiq-home-first-varied-backgrounds/方案A-分区变调-重试03.png
14569c77cedfe33743d0c6508f19181f657a60f0ac1af4f5be10f583ac21907a	4314847	outputs/lumiq-home-real-web-layout/方案A-真实网页结构-重试01.png
021e105978e2d0dc01647f0c314549cb224b763884533d655f75a7a153b1557e	4479648	outputs/lumiq-home-real-web-layout/方案A-真实网页结构-重试02.png
8295ec4e4e3585fb00c71a578d1f27d73c28a8fe76653591228d622e6268f810	4204076	outputs/lumiq-home-real-web-layout/方案A-真实网页结构-重试03.png
896f6f5a667a1c2566f5683f02a997ea29607a42a2d58ed9aae2fbf19a6f4207	4674239	outputs/lumiq-home-web03-color-products/方案A-网页03-第三层彩色产品-重试01.png
33d9e26c9c6d149ab06c1514cc293972c0bdf6871890e2250eb072bf35745e29	4704281	outputs/lumiq-home-web03-color-products/方案A-网页03-第三层彩色产品-重试02.png
071f38f911e699cd7c977c64ec376857945f8ed799ae0b47e3ffcf0330f506cb	821	related/README.md
f04aa9111bf56d778a748bfc76d37f308214dac7cc7e3ec1e5792e9e9030bb78	126	related/project-background/.gitattributes
0c6711cccf05db68d7d7862f97f54dc28571eba9dcc6f6402d71a370e0ddbcd3	277	related/project-background/.gitignore
b7ddda252e801526c6accd90ef6ffce2845f98010dd79eb67c955cd954db8e4c	1001	related/project-background/AGENTS.md
623206240dea2ed4e8d732e81ac2e538ebd76812ee8c8dd96ecda4acdfc63063	2054	related/project-background/README.md
af39f19c49f6915b1bf0874fd15918614d9e940459964a349b5e8d16c3a6f5a7	1087	related/project-background/assets/README.md
72b1405e9a8cb4406ee84641d00d0617afdcb67cffb2bba974de0a276a059f4d	79120	related/project-background/assets/brand/lumiq-studio-logo.jpg
9c52873138cab2267a9c3a380f3bb83cf32802efc591f590c2c039741eead60a	6538903	related/project-background/assets/product/ola/renders/black-background/1-1.png
562042d5f587e4ccc23fc557e0eef7b45e0d673fe20d47e18fa66e8625b5f2e0	6534148	related/project-background/assets/product/ola/renders/black-background/1-2.png
9d403cb52c56860100b7f7d20b65cb4346360246dceb66e2b6e31ab75cf55541	5947554	related/project-background/assets/product/ola/renders/black-background/2-1.png
26167f4a212ec1bb102a1328726f9c478de58e7e59a9b6c9a1a8067ad780613f	5146514	related/project-background/assets/product/ola/renders/black-background/2-2.png
211caf2644ea955a523af01a70a28ce2973d249782bb8e452c5b61a6f7b302f5	5471825	related/project-background/assets/product/ola/renders/black-background/3-1.png
91af4e0e2d67656a922c0689c26625a3b182416d8e303d9832a55b2691d007bd	5540468	related/project-background/assets/product/ola/renders/black-background/3-2.png
8881b3a554848ba99b064ea34b0adbe74fc29752cc2b7cd37442db8b3ac1a09e	5341658	related/project-background/assets/product/ola/renders/black-background/4-1.png
c782f0e41878b2e9b97790bc007a04feb832c290ada4395b35af87d425ee0272	5343347	related/project-background/assets/product/ola/renders/black-background/4-2.png
274c5c325b359049d3422dd89e01d586eed845bd5086ea9c929e9d69829141d7	13703945	related/project-background/assets/product/ola/renders/black-background/5-1.png
b6c8c54b92bd14cd8fb4166059d35b49fe043a7bed55d489ccfdec5e03003a74	13341411	related/project-background/assets/product/ola/renders/black-background/5-2.png
f0f5bafe771674a131edbdf30c758595d0dddd7a863f5358369abc5aefb26c4b	14761874	related/project-background/assets/product/ola/renders/black-background/5-3.png
145cbe1b4337167b0a29e67191f6b725166e1d6bd57776b01cd133253ab381a3	6044182	related/project-background/assets/product/ola/renders/transparent/1-1.png
4fb5b0886b970d3d0681f48ac39675ed197fa4817c8e714b458ac7465f770e8c	5904806	related/project-background/assets/product/ola/renders/transparent/1-2.png
32f0efff2cb60b70781c4bcb01990cad39e5d8f2aeb5cea7300e3ecdcfdc93c9	5883339	related/project-background/assets/product/ola/renders/transparent/2-1.png
7daf88826bb00f13ca2317a133e446460997565a02be97fd3c389aab00f00590	5048867	related/project-background/assets/product/ola/renders/transparent/2-2.png
6c14da97d9e8a6e441616d7a83b197f4a1a9873774343af58b33a4c625d1d521	5189460	related/project-background/assets/product/ola/renders/transparent/3-1.png
53c8290bbec298a7c900ebc32c0b8c1d616941accfa4e042564766f846756b67	5382190	related/project-background/assets/product/ola/renders/transparent/3-2.png
25924873ac6bb529fb901bff9c5d90eec0e3090f3f5d2ff226636e4bf7706740	5369127	related/project-background/assets/product/ola/renders/transparent/4-1.png
5d362071f32a0fc2ef0ff3b9e76eb869e812f2ce1416fd4e3c8393b7d4e2ca67	5383620	related/project-background/assets/product/ola/renders/transparent/4-2.png
e61723a0f4931d762ea11217e342e5976aa2c25f6415c79eaf3d924efac9b956	11784996	related/project-background/assets/product/ola/renders/transparent/5-1.png
ad7f38e42c6b599c0c5909f25080c9a84490dc548b55edb7d5ae1f0f25257752	11536765	related/project-background/assets/product/ola/renders/transparent/5-2.png
3f85d6f53c74b95aa741302920f8b414566f4d2503ef8977c1e56d9990e543ed	12679320	related/project-background/assets/product/ola/renders/transparent/5-3.png
8819dcd8958d43900b6361eced2a3290e8cbe69d59908019ebacc44d7461b634	209319	related/project-background/assets/product/ola/technical/ola-dimensions.png
bd69ebb9de2f012fb067d78c86203e83735c6a23221d818438807765f3278ffb	1915	related/project-background/docs/品牌基线.md
4325094f1ea5d508a93cd89868650aa4fb097f44f33070f2a82fea906bd0f50a	9590	related/project-background/docs/官网双方向技术提案.md
37e24508545809bc09b53654e59d41526d18690a126ff4a834d833e3d582f070	1637	related/project-background/docs/待确认事项.md
e6a09b4441e1375d9523555b697a17807083094ed17b20f7572aa88e0e1bfd15	3051	related/project-background/docs/项目背景.md
928a55b65b718c89e695d6107ab317f606c79396edde5d6caa17906675f1ca3e	2609	related/project-background/docs/首期网站范围.md
75c6cf37e0bead626f53f26d253fd7044fe257c877aa3cb7a15ab02d0aa83946	1655	related/project-background/proposal-assets/README.md
8a362eb35fa269c42825e89504943e70fea03ca7f9dcc86cc0795b8df46334a4	11804	related/project-background/proposal-assets/feishu-proposal.xml
39d77d4043291a47ba424d87ee86ee5415a537d81f7a608b737b72660ecdad5a	1918159	related/project-background/proposal-assets/generated/direction-1-active.mp4
d401e2e305cca8ce147e996e507e0df467a86c288c6a3e977dc8f9e3d64bc63b	1711841	related/project-background/proposal-assets/generated/direction-1-active.png
6a154df30ed81a83398a073f713e64847889d9aec3ec1e34445cf24f77668271	1529739	related/project-background/proposal-assets/generated/direction-1-base.png
6a154df30ed81a83398a073f713e64847889d9aec3ec1e34445cf24f77668271	1529739	related/project-background/proposal-assets/generated/direction-2-k0.png
56158c051167c63a74dbe7aaf5c65333fd1091a0cce45dbdb8394ae95c5f74a0	1659089	related/project-background/proposal-assets/generated/direction-2-k1.png
cf4f19fe1ccc7065136d1294a9714fd71b309e0d5b8fa298c174cb1c0b2784fc	1703706	related/project-background/proposal-assets/generated/direction-2-k2.png
c4791f647a67dd15d307f3132f17fa06c0de22667d61d78a952fb0d57b36043a	1678465	related/project-background/proposal-assets/generated/direction-2-k3.png
0da2d064bb81bb6d3bb5f04ff3c8e934ae6486ee0e2b9274caf576fba70ae2e1	1831345	related/project-background/proposal-assets/generated/direction-2-segment-a.mp4
29f5816a89dccd782ddf14b154079e6b9bd8f8302c8dd84e4194a503ee7a29ef	1381832	related/project-background/proposal-assets/generated/direction-2-segment-b.mp4
9737d7558a212fa64bdf90ac4d7fc75338fe1ad4ce8dd32ac96e0db4fd289491	4038214	related/project-background/proposal-assets/generated/direction-2-story.mp4
7d2d5e00bb9a94202579d7890b8421641b798216438b8acb31cc6632b26f50e5	112466	related/project-background/proposal-assets/recordings/demo-direction-1-mask-final.png
233e5313c65a35341efd9a862f50a6f89ccd5dc6a7e2f4d89f7d06b82377ca88	120949	related/project-background/proposal-assets/recordings/demo-direction-1-mask-qa.png
f1701b7c7c438dc46fe1ccdf0b404e662eb62ae087f5a23b9f89592e0aa07a81	122727	related/project-background/proposal-assets/recordings/demo-direction-1-mask.png
ed7cf0f00c578763d9cf5f8a27c1fb330b1cccce85339e1234451517d203bea0	91502	related/project-background/proposal-assets/recordings/demo-direction-2-scroll-mid.png
7761d8970d534470c0e057e1065dc7c3abd784c65fcca22a34bfdf3df82fdf68	94459	related/project-background/proposal-assets/recordings/demo-direction-2-scroll-start.png
8b8b6bbc1ba8d0a84d6985dd30c56bd56a7666a7b8005b299c322128ba621d33	107070	related/project-background/proposal-assets/recordings/demo-direction-2-scroll-video-end.png
50e5b5f47b6c52f5db5649020406351f3246f2f72766d6cb8c66aee373f0b574	101334	related/project-background/proposal-assets/recordings/demo-direction-2-scroll-video-mid.png
118614b9ed6973b2c8a4e6ccba46776bf0e1b67925899fb03c84876a48b2981e	381406	related/project-background/proposal-assets/recordings/qa-current-vs-mask.png
bc13371ec99c1051c9f260cde5b8e49dfead451d9ed492b65b893a9691e440be	621019	related/project-background/proposal-assets/recordings/research-cases-contact-sheet.png
1acede762529c02070486d01c0dbac17d1190c6038f56065474ea7b202a7a411	227879	related/project-background/proposal-assets/recordings/source-clone/compare-faq-mobile-source-vs-local.png
a9cac42c57e4cf8f429b2290fab66764cd2c2512ff0291add4ff82f6464dd9fd	770735	related/project-background/proposal-assets/recordings/source-clone/compare-products-source-vs-local.png
50d04de09021c39a871c07eae7b95211d853a07d488d38d050724d3d234f001b	643199	related/project-background/proposal-assets/recordings/source-clone/compare-story-source-vs-local.png
61cf6d825ca282806b6e6c4515941933187c36c2565ff5136b91e81187018287	69650	related/project-background/proposal-assets/recordings/source-clone/final-local-home.png
1b7393851a16d5d4cd0871682052bb414fd3da5f02a55851ef317b556b8adb66	39155	related/project-background/proposal-assets/recordings/source-clone/local-faq-desktop.png
e533bf1eb15171da99b42832f20e3833548cf6d763d3a741b65e9a10fa846f65	28771	related/project-background/proposal-assets/recordings/source-clone/local-faq-mobile.png
6d3cecca1784ef8be93d9948586b0075c938e66f863bc140d1557eadce9814a3	31648	related/project-background/proposal-assets/recordings/source-clone/local-faq-search-state.png
dffa1a43edd99bd13fe4467d92166328ae0bd377ca05aeda7c55683519b8429d	72037	related/project-background/proposal-assets/recordings/source-clone/local-home-mask-desktop-ready.png
d14e61b9bdfca1ea1333c61ef097cd2eff3a94e8ac83e381f00cda11c0796b6a	34009	related/project-background/proposal-assets/recordings/source-clone/local-home-mask-desktop.png
2c57f3b58d10708658ff4eaa2326cc04d5227db370ce3346925f1fd216608684	53247	related/project-background/proposal-assets/recordings/source-clone/local-home-scroll-mid.png
53318d339a6c022ef28eabbd87aae5ac1822d631550a7c13f00a3025803d4391	51175	related/project-background/proposal-assets/recordings/source-clone/local-home-scroll-top.png
127bb036a5946a562ee75944a7389b639b6c08103740002df847291301d58f1f	45531	related/project-background/proposal-assets/recordings/source-clone/local-plans-desktop.png
52967b1c352352d522ef8ef5b9a87e0958f130e478fb997585b078dbc27ef2cb	24029	related/project-background/proposal-assets/recordings/source-clone/local-plans-monthly-state.png
dd3b42d8b5d76007e416501e479681d902cfd6cc1ed0b033d5fc6ddbbb8c6104	36212	related/project-background/proposal-assets/recordings/source-clone/local-prelaunch-form.png
c1667b085e87283d6bed6fd78d3b076c0a0420c1c24e4f171f3458170a182069	32829	related/project-background/proposal-assets/recordings/source-clone/local-prelaunch-success.png
6d5dce3e6252cf3f6479490498b872661aa993b902fb872486695ed3f2897ac3	47514	related/project-background/proposal-assets/recordings/source-clone/local-product-ola-detail.png
debb71fd9b361733773c0b1d7a2bf2b0718d634ec74a9d1c04c382c253fa0813	67650	related/project-background/proposal-assets/recordings/source-clone/local-products-1265x712.png
8d28cd55c07cd487b203c71eae4ed0b3c8b8332aae50387afad2c50df4ce452b	46964	related/project-background/proposal-assets/recordings/source-clone/local-products-desktop.png
c5591b94ce1dbd7a6ef8ae17f97926ddad0a1d5011608f48a094494dc69fc8bf	37617	related/project-background/proposal-assets/recordings/source-clone/local-products-ola-state.png
021d205b730ffa1d26362b7483286b53ad34bdb8342f2defa609b6dd90983048	62792	related/project-background/proposal-assets/recordings/source-clone/local-story-1265x712.png
6592ed8998e128ac799004539c7df1306622a14b7fff1f0a5d3884b5ad4f3fbf	52392	related/project-background/proposal-assets/recordings/source-clone/local-story-desktop.png
770dc312271e0fa49cdfe6603d575e35a5cdc8d43d0d781b2e23933f6be98000	5166	related/project-background/proposal-assets/research/x-2039742988578877704.json
78f8229fbecf12ff843872db8d57a33e232db5d0e78b3f099eaae5d4bde5ca6b	6432	related/project-background/proposal-assets/research/x-2071911203543437518.json
3f313e8dae5f7f8472d82204591b62c50cb33d5a818c39af6f9bde1a15f5b898	21315	related/project-background/proposal-assets/research/x-2079218516150862086.json
b279406c8045c3ff6c59221c7b27bbb919ec52357786ac68189d459777e7ea58	8265	related/project-background/proposal-assets/research/x-2079729055931535747.json
e7c20c1a2e1a854232168c9f2673dd44a47404556290989c2bcfa1032c553c52	6574	related/project-background/proposal-assets/research/x-2082051762111037841.json
f7dbda001b627b3a792fb6929303b517f047f03916f2c55227e81216d38a2008	23	related/project-background/proposal-demo/.npmrc
d532abb65cf9ae20634b464d954cb4a08a0de9f3cd3cdf7f9c3ec8948826d947	31	related/project-background/proposal-demo/.openai/hosting.json
4e20d00d0612fe53f04c26b11175879780ae6ba4a4d2245af9599f50e448e505	1044	related/project-background/proposal-demo/AGENTS.md
5d068f0226af5f6aff480dd85233ba78c90f92d40bbd5164d951051bf4aa7d1b	1007	related/project-background/proposal-demo/README.md
8ea2e39f0e6ff05411d7756081c7637fc51521ef201bb90efc09a2a2bbd33e2c	5871	related/project-background/proposal-demo/design-qa.md
ff49999b0dd822d8c658465e6217e8f4e8afb6d3aed73a118788401ad8783d7b	296	related/project-background/proposal-demo/index.html
fc5c00d89f055b72a688337b4af7457a2b234e8bb57b8aea6f60908d97446e50	57855	related/project-background/proposal-demo/package-lock.json
f8ddba39cd3cc64ae0f0c40abc7339bbb75c0e69dd15fa69dd27fdfd9bce2b4f	474	related/project-background/proposal-demo/package.json
d0242c4ff54a36b27850ef651243bf0d7c76bb257a61633663311e3b107d2ee0	126608	related/project-background/proposal-demo/public/assets/brand/lumiq-logo.png
39d77d4043291a47ba424d87ee86ee5415a537d81f7a608b737b72660ecdad5a	1918159	related/project-background/proposal-demo/public/assets/direction-1-active.mp4
d401e2e305cca8ce147e996e507e0df467a86c288c6a3e977dc8f9e3d64bc63b	1711841	related/project-background/proposal-demo/public/assets/direction-1-active.png
6a154df30ed81a83398a073f713e64847889d9aec3ec1e34445cf24f77668271	1529739	related/project-background/proposal-demo/public/assets/direction-1-base.png
6a154df30ed81a83398a073f713e64847889d9aec3ec1e34445cf24f77668271	1529739	related/project-background/proposal-demo/public/assets/direction-2-k0.png
56158c051167c63a74dbe7aaf5c65333fd1091a0cce45dbdb8394ae95c5f74a0	1659089	related/project-background/proposal-demo/public/assets/direction-2-k1.png
cf4f19fe1ccc7065136d1294a9714fd71b309e0d5b8fa298c174cb1c0b2784fc	1703706	related/project-background/proposal-demo/public/assets/direction-2-k2.png
c4791f647a67dd15d307f3132f17fa06c0de22667d61d78a952fb0d57b36043a	1678465	related/project-background/proposal-demo/public/assets/direction-2-k3.png
9737d7558a212fa64bdf90ac4d7fc75338fe1ad4ce8dd32ac96e0db4fd289491	4038214	related/project-background/proposal-demo/public/assets/direction-2-story.mp4
72b1405e9a8cb4406ee84641d00d0617afdcb67cffb2bba974de0a276a059f4d	79120	related/project-background/proposal-demo/public/assets/lumiq-studio-logo.jpg
b6a6adaa4fab3234676116dd1c9cb6611275ab9d92dd26f5bf402393e3744bf6	910	related/project-background/proposal-demo/scripts/prepare-sites-build.mjs
97d57fd16610229128734de7b2fe4d5132cf1a3d65a4d940ef06748802dbf7ef	31151	related/project-background/proposal-demo/src/App.jsx
832f752c6b6a454a26dbc4f2654f5bd633f2b103516c8c0abac648308c133a7e	242	related/project-background/proposal-demo/src/main.jsx
d822854895c23c2281a76fe019990920f085d6523d2973791a17a91e3e7dd47b	6319	related/project-background/proposal-demo/src/siteData.js
949e742978309bee19d6ab121eb8dcb95dfa0881080091a16349fe286c3677bc	33430	related/project-background/proposal-demo/src/styles.css
96af7b48906c6460c793356d7b6952f7d5026dbf5a502bec0d9297ff04201c26	2219	related/project-background/proposal-demo/tests/sites-worker.test.mjs
5f20ad6ef5aa89956c8791d8caefa224bc80718ca38df213b5e0c9c883d4bfee	382	related/project-background/proposal-demo/vite.config.mjs
2dd0615a445143933d88d4271f54f5d63ee951421fcd08c5a7617bb09c564389	483	related/project-background/proposal-demo/worker/index.js
60de43f183254f27648a29b42d8dd7a9b9fb44280b4d29ab1c0c44a1aa31fcf7	1420	related/project-background/references/README.md
f8471f104c64d10943b7e0171c0c0b20406352c7338c9084789a396858a2e356	74438	related/project-background/references/cases/lumiq-current-home-viewport-qa.png
919a8dd6c1134a2af501a759f98f49f60506b9d10be561795ec169c065560e80	66279	related/project-background/references/cases/lumiq-current-home-viewport.png
cd1c651ee3be6d354d5d378b0cedd3c298ef0127f3384d1f494394aaf3e238e8	391081	related/project-background/references/cases/lumiq-current-home.png
e400b31e45613de466f7da4a8d8b9fa2650cdfb9acecb3d60461a2d8d4c38cce	612914	related/project-background/references/cases/motionsites-home.png
3202adfd01ef1185a3c764b9c0b9833be20a0fb0dbf2ea8fd929eae2196297df	137009	related/project-background/references/cases/x-bateshkaaa-2079218516150862086.png
909c31e0782f8fc19bafe2c1a6ec2e948bdf435901392a10b2ca43670e4d6ecf	102527	related/project-background/references/cases/x-viktor-2039742988578877704-prompt-expanded.png
1e469b4a4838f71c4f9e9f30ab3f44265adf7cfb467f629961ac7a25fa86dd7d	103075	related/project-background/references/cases/x-viktor-2039742988578877704-prompt.png
ef7de6a154d1f51744f749f1f6c509b2839a3d14421e1e07c33abf0c6c9a8c61	102807	related/project-background/references/cases/x-viktor-2039742988578877704.png
f8da704237414decbe58a609655e36161a01ba9bf8d0e5823a67b6a8d858989e	83848	related/project-background/references/cases/x-viktor-2071911203543437518.png
7699483662af5889182353cc48c9086ab5a42e0bf302be88ebb5b78574d4683d	103087	related/project-background/references/cases/x-viktor-2079729055931535747-comments.png
57d8335fe5135c03bc2f7a42d78a8f8f0f37d5f1e24fb247a18f65dfa3541ef8	120179	related/project-background/references/cases/x-viktor-2079729055931535747.png
3dfcbf6a7555839492474d422a917f0311a55d6a713946faa39ccb3347fb5512	116254	related/project-background/references/cases/x-viktor-2082051762111037841.png
b1802985292e9225c075b8cc5319914321337bdfcbc0887a661ebac8373c47a6	69483	related/project-background/references/source-assets/original-site/intro-hero.jpg
d0242c4ff54a36b27850ef651243bf0d7c76bb257a61633663311e3b107d2ee0	126608	related/project-background/references/source-assets/original-site/lumiq-logo.png
4c663ab4fffca1090bf1e2b5e370ed760196f557eeb2385042c02cde7dad6054	2377938	related/project-background/references/source-assets/original-site/lumiqbookcover.png
c5577ace17772a719a008b0d2b599baa1b5bf5387f1b7061d09032dfbfd0c84d	5309831	related/project-background/references/source-assets/original-site/lumiqpal.png
cfb1c9b2cdc1811d143960e4a437b015616fa74bb76e5059d43459aa601c8621	55020	related/project-background/references/source-assets/original-site/site.css
4e3edc83c00959485f1852bc1f111fe74cb975e5d55bbcdc8abc880f850e9503	1133099	related/project-background/references/source-assets/original-site/steps1.png
e9faf5db2da338251cb17e55eca48684718dfae4f85b7a68edd2624c2c6f3893	110706	related/project-background/references/source-assets/original-site/story-hero.jpg
84780bdf55aabc2b69b3e9d7ec096c2e5ea6e8ef2f779d16cff5acecdc9e5d1d	44435	related/project-background/references/source-captures/original-faq-top-desktop.png
8044283a7bba7f9333dd33bfb6745c9a797e14fc3cbe4a94f1530ab7a617cc50	31512	related/project-background/references/source-captures/original-faq-top-mobile.png
c6be629b19d434a7ccebc4e9026b75d1cef4a4d404f9d5ad81d857c3a5f44f67	73244	related/project-background/references/source-captures/original-home-top-desktop.png
580dcdf28dbf1016255e526aa7cf6dff2572dee39067350dd44de2d3ca62caf6	66313	related/project-background/references/source-captures/original-home-top-mobile.png
fa02043c47a92a26e02b91aade0b20956c7d840627017f6604f93a37ecfc17c4	56205	related/project-background/references/source-captures/original-media-top-desktop.png
fa02043c47a92a26e02b91aade0b20956c7d840627017f6604f93a37ecfc17c4	56205	related/project-background/references/source-captures/original-media-top-mobile.png
a0ae9980c992aa761e6c54c35653b1f217df7287440a8018338ce5746b17e7f7	71568	related/project-background/references/source-captures/original-plans-top-desktop.png
a0ae9980c992aa761e6c54c35653b1f217df7287440a8018338ce5746b17e7f7	71568	related/project-background/references/source-captures/original-plans-top-mobile.png
37a856ded3a8045b6244bbd18a535995d3df189730960bdf47288f5eedb93ee2	80967	related/project-background/references/source-captures/original-products-top-desktop.png
37a856ded3a8045b6244bbd18a535995d3df189730960bdf47288f5eedb93ee2	80967	related/project-background/references/source-captures/original-products-top-mobile.png
6046e9d2863a5cc9ed7407402dec7cfbbc3523bebe9015d97dc2d6d8019f0991	62952	related/project-background/references/source-captures/original-story-top-desktop.png
d44922e26d7c0218d2c92e165255a56fa06bab3ff061e950d7ee0ca17be88843	62881	related/project-background/references/source-captures/original-story-top-mobile.png
ca381d7cfb91c0a5ef7eab28800ef4ab8d9e4d6c96447e570da95f5efbc18a5c	941	related/project-background/references/source-captures/text/faq.txt
0122dca9b15eab29bd8f3b4e506f64be12e1f2c01c4a57a3b2377af90c6bf110	2280	related/project-background/references/source-captures/text/home.txt
37cb0372b073782ef9c3764a208c7d5bde05493f0a4e7ab6a91bd2c320a7b3a0	960	related/project-background/references/source-captures/text/media.txt
2f4ab98b210fb8a9c715c069a4233d28aeb46f245253e379b92ec2c4108da5e7	1287	related/project-background/references/source-captures/text/plans.txt
c8aec12a5b3f7fd59227c9810080b9b97cae5b90e801f7355bacabd93565dd8d	1280	related/project-background/references/source-captures/text/products.txt
784cd3473516dcec78ac2e4d5176629150862292fc329ebbe58fdb5246c94f3f	2253	related/project-background/references/source-captures/text/story.txt
1fb16bfbe60d3e9fe7d1ac285bc3ed429db1eee06eac2127cf0e152a60093b23	18802361	related/project-background/references/source/LUMIQ_STUDIO_brand_design_260722.pdf
715858403de2c973ebcd38649f2302f11f38cc6b48e68a71a504a3b902cb416b	3036616	related/project-background/references/source/Lumiq_Studio_Brand_Story_and_Product_Intro_2026-07-27.docx
b1084f9f874bc6b0361e06c264752a1fb87a1af6a00868d84b3445da9324a9ca	41	related/website/.env.example
4c018aaf62c2bb4b4584bdd50e47d909006769dc79c25437845940b90057f8cd	410	related/website/.gitignore
17b684a45d2707ba7efb85feea94ba53162bd176bc642f36e63afe0338657c72	3475	related/website/README.md
7ff68bf0253c44838f8917807f89c82ee2fcbfb47b9fa58792f6ac8654ec1466	106	related/website/app/[locale]/[...rest]/page.tsx
ce0ddf100b6c03882b0805d9376ed32226cfb24d5dd4c8bf091f61fb824537a4	152	related/website/app/[locale]/about/page.tsx
fc163bc88ac285e83b14bcba27f71cea6d13f587af67e8678e90865a4ce9b158	156	related/website/app/[locale]/contact/page.tsx
ab4ad0ccbb3c6892fa831ff82634dcb97c133da374db16ae398a48dcb72e2572	148	related/website/app/[locale]/faq/page.tsx
8a4d737a2b173943883b827b96ea71107c9151dbdce0869ecd40616b440ca889	1129	related/website/app/[locale]/layout.tsx
820849cb95923ed3b81496e981cc1a2492addbaf65e21d5030b5194c19a72780	171	related/website/app/[locale]/legal/child-safety/page.tsx
fdba172ece0c4edb5dd549e2bcfaa705bb2c23e1928d832c1a0b5dee08ae5428	162	related/website/app/[locale]/legal/cookies/page.tsx
12858a976c9a466085a3bc928a1bbaeca22706a6d38cf82be39986194090f45d	162	related/website/app/[locale]/legal/privacy/page.tsx
e80be9ac2a6800a11c3e851d848f8cdcb8abaaf63afac9d52fcc9a8f936cab28	158	related/website/app/[locale]/legal/terms/page.tsx
520cc6c3d20db53942e8eeed0886b92dca40ca8afaed3222cb8e1b445197e888	152	related/website/app/[locale]/media/page.tsx
6b3f37eedd1d8d1dedc7365fa94bedff0127b9bfe90b0838d1c83e35446c6e7d	1617	related/website/app/[locale]/not-found.tsx
39603630bfe6ff3020fd6c674ab5e4cc9d8d4149fc853fcb7be65891de464386	145	related/website/app/[locale]/page.tsx
e63714f9e04f7df81c439e5ad92fa8c9fc58eed30398f390347f29fa91a81981	152	related/website/app/[locale]/plans/page.tsx
cddc885e26b8b2f98f7a219f72d68ba81451474af7c2cf0e013505ca885c18c0	160	related/website/app/[locale]/prelaunch/page.tsx
58954c6d3e9ad0553384f24173ec17569963d85d3b2da371d8e2dab74a773e4e	275	related/website/app/[locale]/products/book/page.tsx
aa991515a17dd21399511c8333a88ba7a11964fd0d4eab430035439cd977a367	166	related/website/app/[locale]/products/nest/page.tsx
544993fd4129ecc0e5a742edb5aa410567537a543d9f565d73fa49b43c51bd14	169	related/website/app/[locale]/products/ola-go/page.tsx
18cc9b127fc30c4ad712b50d690c41d819abc2c08b3b394ce76db3412a07474b	164	related/website/app/[locale]/products/ola/page.tsx
1de41fb6bf03c2700c54293b836adb176fb9d1d909ac4aeed79dfd0c56d006c7	158	related/website/app/[locale]/products/page.tsx
9b57ec6eb74db2f0bafc680bac46cc5ea294b3da48a54aae452020740d13ef02	272	related/website/app/[locale]/products/pal/page.tsx
b83970a6e4de3e5e205a569a3e5c58661648442efcb012556303102c48bbd079	168	related/website/app/[locale]/products/print/page.tsx
0fec5032daba266f8187084f6d76740532eb69c37c86c9638f7103237a96355b	170	related/website/app/[locale]/products/tablet/page.tsx
e81388156e19e66ffc99e6cea7c91edce6253dd169f25971fccb492bdd5447f7	152	related/website/app/[locale]/story/page.tsx
75d422919fa59028752d2e2f903ecfc78760a734338415b81c253cf63ea881e0	878	related/website/app/about/page.tsx
ba99a20b2df002e896d3007c223c7a33c39d75b923175dc954f697fd84c6a972	1535	related/website/app/api/waitlist/route.ts
3311a6507314a43c1b10b65b70be7175296abcd3b5ab85a3ffef3431748c13c9	1167	related/website/app/contact/page.tsx
93806000254b8b7e0e3f58eb1ac0497079116f95414590a6518e8240f1cf3564	4820	related/website/app/faq/page.tsx
5b778ebe0336312c5e50c47d30aa5c5fc533fced052ba67b22fe38e674d74a01	54143	related/website/app/globals.css
0d9d2c0d7305fb1cb89a13d544e81233bf4b9bc57c40717393a7c0e0196d5bb2	17417	related/website/app/homepage.css
28169681565599d292f4c65bcea6cc5189db3a175fb283b533c9dc8137cdbaea	415	related/website/app/icon.svg
73a8040127b14332143437db52ec3d7ce2bbad3215198274117b289c4615d680	946	related/website/app/layout.tsx
0de5a116b51f3082e578e37ea7dd9b4c1bb4473b0d881eff3aeeaa818d969ce8	795	related/website/app/legal/child-safety/page.tsx
e64323969fff0aefbb1538502e4b668f731b54e2bcceae51ce328d07811f7b57	611	related/website/app/legal/cookies/page.tsx
56f6991070da8c6793d04831b1de3c690c0fb14d353e973652bf11b6878f0db9	698	related/website/app/legal/privacy/page.tsx
dcec26f118b7f44e5257a654eb672a9f4674da91f70c25fde0c83519c4d063bb	651	related/website/app/legal/terms/page.tsx
faa1e62218fd7c0fa0ce3adc2eef9dae6f0fd4eb8f64a1576f8c690b21ecc61a	5273	related/website/app/media/page.tsx
61536b61a7afb142b3f9b3e461598da464b6abb8f31f52c6dc8d9aa82b8c054b	2037	related/website/app/not-found.tsx
05764e875029b619ab3d4c1f95d6893a8976f6e73b31054571fd24e76201473f	23434	related/website/app/page.tsx
e28c2c3cc2ed5acfb6173f91c9d2e97b10247b08b2503484ab52a8f2edec332f	342	related/website/app/plans/page.tsx
5be60f4bf74ebff26c48da0a38ea93bc4a3c00f64fa12067a736fbad7e030901	4869	related/website/app/prelaunch/page.tsx
02126ba89e387f40c55ae2e090c1db81927e1caf9efb57af6dd151f94f25e323	15331	related/website/app/product-detail-template.css
5064efe8f01088585552e29e9c01c8556d58589d402ccc71f951d1c013c58c00	139	related/website/app/products/book/page.tsx
e3c98dfe0217b013c547cc2447fe6f880418dfd67478dd5938b62ec1333414e9	9884	related/website/app/products/nest/nest.css
a70b5176d148b9b013cc245b897e6544c205d7c055bc68c09402f74d0de20dbf	382	related/website/app/products/nest/page.tsx
8cf01012cc147d327b3b4dc30ad3c197c56d59ce729fda1ac857adddf36a08ab	57	related/website/app/products/ola-go/page.tsx
9e1ae874d99cf2ad56669b33283205402429e0934dffe054216fff4f58235868	55	related/website/app/products/ola/page.tsx
a5b747f1ae9df5a8f5bc29dbd7262db2046755d018432d510f9dbe9aae2ae002	378	related/website/app/products/page.tsx
5887e916631b5e47810aa0d9d8c02d9a0a08f8953c8301e26f6aa9b28e500c0d	136	related/website/app/products/pal/page.tsx
f27b95486ee27204ad102f61fd59242f48f41c91a3019c11a782ab84c9bc2871	57	related/website/app/products/print/page.tsx
764e55097b6881faa936810a70dd4a7f80f86fc3ced0acfdca3e0d1fc9ade3f8	3014	related/website/app/products/tablet/page.tsx
8041db5de98e28489c57de9ce06683811a896eb1f88753638d06c3ee349a8105	309	related/website/app/robots.ts
8d7bc069daaedffdb2159e6b7db438c9961a2974e79727e686565fd9197b36b0	1022	related/website/app/sitemap.ts
3b31f375d54b087efc74092e272b099d0fdafbe7a20d6133f632975668bd3958	15765	related/website/app/story/page.tsx
9bcb25976b886ce7f9ee519e2579c4c533b8b5433b9c95dff1cc5cedc6d5af05	201	related/website/components/DraftNotice.tsx
6d95b2fe74cea04a82cffb7d84a6e53e21e80de851c53f1244d34f34c8d92600	2750	related/website/components/HomePlanCards.tsx
e022fe87234a6776c785d3c9c3018acb4cb27fd74a70d5bf38779f4a366b977a	280	related/website/components/LocaleDocument.tsx
165edd81796b32ed5d024875ea33c29a32b1a6950553060956944436fcc96999	3877	related/website/components/NestProductPage.tsx
76bf162f079ceebd550340ece1da64f460bbb5da49a280df6249127dc569682a	2700	related/website/components/OlaGoProductPage.tsx
a189dfce5eacbc5275a1339dbd5e5302fb42eef8486441e6e3c780ad75b0fac3	2643	related/website/components/OlaProductPage.tsx
05bfc9b69a52aa211b6833f775b41409cc6130dbcf750645be39e25eaed1b456	18389	related/website/components/PlansContent.tsx
9870a291226fab58ed96c5ef6e9b20885c5377ea16613a3dce7b8fe8b220c2c3	2417	related/website/components/PrintProductPage.tsx
b3c97e08e344838893a46e6855ee007c151188a7b278bec3f91d5b4bd82de5ba	9718	related/website/components/ProductDetailTemplate.tsx
45ab01aa57a3683776a0d08d2d9882874a599783f98721613a805e0626dc7ff0	21400	related/website/components/ProductsShowcase.tsx
0e336e86e751d3490f6b360a089c1e982cb2642bdd36d447a3d8654b681a2d7a	607	related/website/components/RevealObserver.tsx
07e8f667b48341adb1248031090b9f1aab6625c7628873a1e6d209f1e10cdbed	2730	related/website/components/SiteFooter.tsx
debf1298b52559ce8751b6d46760125d76d7d88f423c9b96ea1469034090229e	13235	related/website/components/SiteHeader.tsx
5f10864247e7ae426fdfaac469185029820c31dd99ab487f8d37dcaef073d0c4	2178	related/website/components/StoryHeroVideo.tsx
b0134de81fcfc51425bcf1e65a64da3fa7a366bdbd97f26e4906e75e383f9179	703	related/website/components/SubPage.tsx
3d07bb23796d7fb6773139781473ed55b552372e81a8f09521d748b718286e63	20200	related/website/design-qa.md
3667271b7af102a4b106fac15f974ff81b64d5695b0afa9ad50cb3b94a9ab8db	594	related/website/eslint.config.mjs
466bdb0be73ab9a9416e9d16d62c5bda3e0aca20829709648fdbb0b530de891e	590	related/website/hooks/use-mobile.tsx
cda02d744524fa9d6b3da9698970da79b4af3574369e5aff6be3bc9d1e03f76f	189	related/website/i18n/navigation.ts
9545bd32bc20a7c152f3bc6bc750c2383392d34d3dea3a531eb9e83d918b9d70	427	related/website/i18n/request.ts
c8c428a5d2b1b80a6ca3bfa52ab2ee5807bf0ac609909d086ba793c7674f7dfb	362	related/website/i18n/routing.ts
07d210630ab2db001c24d0c4a5c59909de064e5babcab5d96736ca3b79e21793	2486	related/website/lib/metadata.ts
f97bd982ceab0f9843e9c3dd2f27c14d2d1f8a1b7f394bd828222781eedd5de1	3643	related/website/lib/products.ts
b94dce8bbe072bd59bbfda909b9fcfd3b9cfc099778ecfef0724faa2d67881c7	884	related/website/lib/supabase-server.ts
d1f1e0d62cb8d8d1e04c26e14de842d8a151f75812d81b046c65b5d1fe8e4b27	169	related/website/lib/utils.ts
e11bb725a0ea868bf66c0b41df9112ba04d5cbc12ace021e1651ec5503b7b47f	2182	related/website/lib/waitlist.ts
100fa2baf0b49c3712c88466ce82c92e918e107f3334d471f7d72ffcf4c7c5dc	49807	related/website/messages/en.json
df2f67dba47a794c07f599913d7b367beaf5ce69d6bdbdc232e181f5755f1727	58468	related/website/messages/ja.json
030e11d7543aafe0d072ce2f3859600af92256e836533890ae91038e14fe77ef	46344	related/website/messages/zh-hant.json
23fde829961b1cd08d43182cfe32a2bbbaccd138e8f7fd60da9681a1095f4360	217	related/website/middleware.ts
56fbc8d30fe7c54bdeddf2089bf5f3f2ec84d85e0537e5d54a2f4ba2ee15abcc	333	related/website/next.config.ts
89085cd79188802cff3fbf6413b8ab296b1fe5236685305221dea8e263f98d0e	289397	related/website/package-lock.json
2c08f7e293d7214e9cba7b016b8cebc3b3b114d1ef7a0cd4532efa8fe99b5539	1244	related/website/package.json
a64ecbaedd9a1d9f44ed26d1c813c2a94b84822b034d4e1619f09df6fd21ed6c	721	related/website/playwright.config.ts
dfac7ac2d86d326a0e5adb024e7943c181393ed17a5fcb8f0315b24c7da6ddde	94	related/website/postcss.config.mjs
fea475cbf313011e447f0e3b7311da8728382e6f6a87dfd55b32b6227110e35b	698247	related/website/public/assets/brand/lumiq-logo-transparent-dark.png
562bb8d6940e7369872c7c7853dd42f70c46246da6102b7656f4f1b9f28fdbd3	268512	related/website/public/assets/brand/lumiq-logo-white-transparent-v2.png
a82ce57088eabeeef2b09e822a573aaaad41fcb09023460744e0a14a3c784025	1921220	related/website/public/assets/brand/lumiq-studio-logo-master-4k.png
e310b55a7fd9677f5e3555e6c6c4d064fa1f1d24393f0ddbe217cea12a8c432f	24576	related/website/public/assets/fonts/manrope-latin.woff2
a0d054c4af557de20afd6ca59f47ab353bcaec49c63ff04b6c9d39d0f8910557	22320	related/website/public/assets/fonts/space-grotesk-latin.woff2
b17b0e0757b0ac634ef10e4813aa300e38839fc4c94e7d68b37fcd56653db018	7143384	related/website/public/assets/home-pearl/family-bg.png
e48f10e7ec9edf584c04cef7fe3094de00a401da6ec9902d1fb791c6e20ff1c3	284376	related/website/public/assets/home-pearl/family-bg.webp
08d5fde54d4834b3914fe6a2d43bb738aad5f8b513f12b70d76a75a4e241127c	17689764	related/website/public/assets/home-pearl/home-products-bg.png
5d58c8e4b04c62b900c14423e94014e7c9d4f69b40fd5b59555cdc8aa3d5a67d	340964	related/website/public/assets/home-pearl/home-products-bg.webp
4adf3334574378685090458b81f6e8cbaf48b49a97cf8d9480eb311abd9ad27d	6457894	related/website/public/assets/home-pearl/join-bg.png
856684189d0a2b909c377c9edf1d6afc0dd73d8c95875c12889b4ef9e2603ebe	176706	related/website/public/assets/home-pearl/join-bg.webp
a77a32abdb320b3d7a3dcc47bd836f583f2fcdead7c92a0779a0019c8742a56b	4510047	related/website/public/assets/home-pearl/lumiq-pearl-hero-h3-2k.mp4
9b022d71ee5b3e8180c96cccbf7326a4d2f1abbb08cbb58f893b8487ad3d86d7	15465259	related/website/public/assets/home-pearl/lumiq-scroll-world-1080.mp4
0ddc71395dc3b54e709f27d2b12d73263a5339604960f4ca48a00921f5127d4d	5929704	related/website/public/assets/home-pearl/lumiq-scroll-world-720.mp4
71b4aadb1c0ec623a301b7354df12b50474e6996ba7b1940c367ecd564e87854	182783	related/website/public/assets/home-pearl/lumiq-scroll-world-poster.jpg
d81d8ac615cee6d1caed5137cf4bb5e4111558c0b6b78b84d0780a4d824d9a09	7202643	related/website/public/assets/home-pearl/nest-15-bg.png
330c6dc2c168d42003cb9622d982066ccfb9f936cc898386fbe5854a6a7d49dd	235866	related/website/public/assets/home-pearl/nest-15-bg.webp
3bf194e8166cf46f59668a9b60ed8f9609a218941094f083eeb43c8efb2744e3	18831983	related/website/public/assets/home-pearl/ola-bg.png
2c9191ac00e272ffbad23d3ed8d1c6e5a6af28eaa68b047b661f2b3f0ebfd6ea	224794	related/website/public/assets/home-pearl/ola-bg.webp
c0c516a4ab23d89870dd467e29ab8be627d90d860168dcca229617a88e4d9725	17583359	related/website/public/assets/home-pearl/tablet-bg.png
65bcd6c57cffabb444d98e5f82b2475a58bb09ee3aceac653973fec5e6daf271	291044	related/website/public/assets/home-pearl/tablet-bg.webp
40b27b46d0d842af077404f996de70cee7108149a9b67b62bd060f09671c3428	1434501	related/website/public/assets/letters/ola-metal-a.png
0e02a909953a92150089f767c88baa1386e680681d95a2631db511ae1e97e243	860456	related/website/public/assets/letters/ola-metal-l.png
5cb5c31e56269cc7a8ab20f22814f610d0257b025a40b7a1a71227ee4e255b85	1526988	related/website/public/assets/letters/ola-metal-o.png
0f806b2c009a0203d2b9220123d191311619016792535672a43c67e944556d19	1727904	related/website/public/assets/nest-detail/generated/nest-evening-home-v2.png
45cc6728962863292dffe4b99b2fa96107ab91b3eaeac8437b8dbc32ad8694a0	1731922	related/website/public/assets/nest-detail/generated/nest-family-kitchen-v2.png
64c4b642980287fd5515d3497f504b5ae29c36bf7c8ef85de22e20b3a3f6b41b	1577308	related/website/public/assets/nest-detail/generated/nest-routine-closeup-v2.png
c171c4a94286ac3873336c81888cd2551b04d9605d0d4b0b836b49b278463c61	1614188	related/website/public/assets/nest15/nest15-black-angle.png
a9b81eb5691ff3306ba858b925ff35d02e8b2863c4fbbef9ebbfae0b57334546	1360423	related/website/public/assets/nest15/nest15-black-front.png
38453b6efeaa37f0ae564d986fc2de2d21a9ccc8c604987bc4e5e87ed8c7e023	1881121	related/website/public/assets/nest15/nest15-oak-angle.png
d6089ab1ad43f064a6d1ea57aefec96faa28e7a4215211cfb6da429bf0348be2	1732588	related/website/public/assets/nest15/nest15-oak-front.png
9b2e5d442d86fddb1fdb87ce9984d2d0ddf9485944dce1035f9689ace1da2626	1592645	related/website/public/assets/nest15/nest15-rear.png
cc226445b4ddee236f603a7b89a15171efab6da998cf17537a18f6a7fcb34349	1770863	related/website/public/assets/nest15/nest15-walnut-angle.png
68901dd5d9fa8bae01b415cbd40c58dc24b646c69071170f3322fc2f0b7edefe	1531104	related/website/public/assets/nest15/nest15-walnut-front.png
7ecfa2df8c649715ed6638410a449dbb9a7e30c2af327058061578ba04e36545	1796163	related/website/public/assets/ola-detail/generated/ola-bedtime-story-v2.png
5b1fac472287b2c22421ce01caad1d66e9eecab0b0b29f60fe3e571f97ce59ee	1843103	related/website/public/assets/ola-detail/generated/ola-family-kitchen-v2.png
7c6ee060e211cfa2c838a250bced1cc955171a7856330b326b6fe725bee87f93	1764978	related/website/public/assets/ola-detail/generated/ola-senior-reminder-v2.png
145cbe1b4337167b0a29e67191f6b725166e1d6bd57776b01cd133253ab381a3	6044182	related/website/public/assets/ola-detail/lumiq-ola-angle-feishu-v3.png
cce262927b1fed440d7e061398da2b852a6215304b59e1dc47a4888ce5fd034e	1617413	related/website/public/assets/ola-detail/lumiq-ola-bedroom.png
dce99ddd6ebab341a6a9ebd9075a0529338f12ced7babd700041e2e25c80b315	1660625	related/website/public/assets/ola-detail/lumiq-ola-study.png
80926c12ed5471c911110886cc29300916a8233155b562551f13ac27f3723417	1051001	related/website/public/assets/ola-detail/lumiq-ola-upright-transparent.png
ddd8ca9e6371b93d5cd804d69f0d6643edf7d765f3ac414f79d72faf6f4826c3	1568497	related/website/public/assets/ola-detail/lumiq-ola-white-pedestal-v1.png
27b2dd56b486c35486806c452eea7e6d953ee6a2d8770afc0c0e45252567bd2b	1926690	related/website/public/assets/ola-detail/ola-hero-mobile-cutout-v10.png
2017e637a119af360631abbc8aea18947072782f65fcdd0389c815986c6f81fa	1779255	related/website/public/assets/ola-detail/ola-way-bedtime-v1.png
55426f692e1a56f15a7a14aa188eef8265ff3a341d7a5f5918627f82bf57b7ba	1849078	related/website/public/assets/ola-detail/ola-way-desk-work-v1.png
78a40263bf89f601707ed8739a2ebd0e5873590d360adf29ffe33a29b9b67ccf	1990030	related/website/public/assets/ola-detail/ola-way-family-blocks-v1.png
676712e6b777ad4f6ce2370aaf25beacf43e8f2d800457aa3110554474753975	1917360	related/website/public/assets/ola-go-detail/generated/ola-go-bedside-journal-v3.png
7610783de803d718f0e4ba641b900cb4950a4ded823ab55cfe0b149e28b32262	2137291	related/website/public/assets/ola-go-detail/generated/ola-go-return-home-v3.png
3b36d8c301f8c1470caadf643de703e048db5d889abce3c275ca8b8fd56c3249	1889859	related/website/public/assets/ola-go-detail/generated/ola-go-schoolbag-v2.png
cc8e96a6d6fa64033c8e6484bcef7a7665b0b820fb382b1febfe89f66d8b70c8	1949657	related/website/public/assets/ola-go-detail/generated/ola-go-weather-walk-v2.png
427c4b2d7826ff61eccaf77e1325e7512a9c380e0351a12ff7ace97c65bea265	1011007	related/website/public/assets/ola/ola-display.png
946bda1bfa8acfb8a6e9b90199740f7145bc3334f80262e97ff395f524721790	1381181	related/website/public/assets/ola/ola-go.png
d3f251683bf7bf64f06f362e09b9e45bf6109974a1730bb6ce99604f6f140137	15012912	related/website/public/assets/ola/ola-hero-front.png
49ba90ecaf609f7f9e5d88e89b96bb52a3f05bb9507751f24bd6140d631a66e9	1014693	related/website/public/assets/ola/ola-hero.png
3e81d951aea9a0331721880881b2a707d571897bb6186c71fae1affd089462be	863323	related/website/public/assets/ola/ola-high-angle.png
4932dc34ba27b70305ee3cb0a9908fad0b328284f66858123dc55abb407bd77a	1988592	related/website/public/assets/print-detail/generated/print-child-receives-book-v2.png
03274182304c3e7fade06d66b6c51294fb98898e16b001fa64cca3b883e3de73	1926679	related/website/public/assets/print-detail/generated/print-craft-detail-v2.png
2f5f83cf9ed3c657e4b1472953098cbab7375c3b3c20c58161aaf3ec0b483c8c	1993970	related/website/public/assets/print-detail/generated/print-family-reading-v2.png
9f2b301e6aab7e8a74dae7656ddf08c64957e12b9e04a48232453a1734424cac	1919599	related/website/public/assets/print-detail/generated/print-personalized-page-closeup-v2.png
834d8357edebd0e3c02d92aec913247345db95c957e924a968f2173bcb7f3443	1963516	related/website/public/assets/print-detail/lumiq-print-navy-plinth-v2.png
a762e4b8c4a843d1c5ec43fab90a981973b6c0246042b8055de49988055c887b	1818585	related/website/public/assets/print-detail/lumiq-print-open-spread-v1.png
02db39322100e75c27ab7dd8b2bc0df95234c8ad63b05ee2234e458e4b939352	1900962	related/website/public/assets/print-detail/lumiq-print-sunlit-cover-v1.png
a5c072fa7ebcfbacb83d1db36c7d867ee3b6382de32d2e24833d9ea0e34fb15c	1098589	related/website/public/assets/products/lumiq-ola-go.png
1a3ec23aca84b00191548ac59cb6339068028ce44cb5b7de3903873eb78bef0e	199578	related/website/public/assets/products/lumiq-ola-tablet-hero.webp
ff0a62337ada681351b7199a56b7f0f9889803cd0d11722227c727f6bf235b5e	2156756	related/website/public/assets/products/lumiq-print.png
d488384f93a628e7c45b5197ccf3fa71edc6fc69a44f266089c7f742962b9b43	1484917	related/website/public/assets/products/lumiq-tablet.png
98f7ef07b216875f00cc44c848a27fe31420f87e3d96f7d649725badd7f10fb9	22231476	related/website/public/assets/story/lumiq-brand-film.mp4
0e8e791f38adb2c92c771621b47638646f7426225322f2d26e0dd3c248d618eb	140518	related/website/public/assets/story/lumiq-story-family-v2.webp
1ba5e30d88f1262a221b90a26c7177fe7905012c238809a33673f25cf5b19501	181448	related/website/public/assets/story/lumiq-story-family-v3.webp
de6ff0bf3650f12341f9bc0d238f4853ae552ecb55bdb77f3ba5dabceb48f5eb	694965	related/website/public/assets/story/lumiq-story-triptych-16x9.jpg
5a9a923358c1536461d9df5c978de43730d8ef6b924149c99fa78aa34944d8bb	1020704	related/website/public/assets/story/story-ola-go-panel.png
9e1ea79fa85b715ff230ae1a0236495aa3c970fdeb4a6fc151ef3f8768e4b389	2543853	related/website/public/assets/story/story-ola-go-source.png
a471da15ba84616b19a6a2fba1a457ddc3c5d9eadae3dd6ae88994cf7ca6b5cc	963226	related/website/public/assets/story/story-print-delivery-panel.png
1abca8627c0d469a1167551f8d564ab28b41f377ce873263b4095d02c0e616c4	2313062	related/website/public/assets/story/story-print-delivery-source.png
361aa5c2772e470e913b67600901f460cd59ff25ad3f726184e911a773751d87	925223	related/website/public/assets/story/story-tablet-child-panel.png
84567f74d2a690aa9cff1e064a80c9bf0b9389611277c03a2f7595f537eae95a	2128915	related/website/public/assets/story/story-tablet-child-source.png
0af3aec597444257a388899ade0284495c15430722835609555052a9b1c56ab3	209940	related/website/public/assets/tablet-detail/five-ways/classical-story-v1.jpg
82f86f8c0e149fae280a60ed069c7879455d7d32715bc2a2444fd44749105f4e	337137	related/website/public/assets/tablet-detail/five-ways/imagime-v1.jpg
f7be1604a30ef44820eda551520398796544d70f465767663e68517a00934ffb	457295	related/website/public/assets/tablet-detail/five-ways/lumiq-original-v1.jpg
db6dd456eb4c2a0a25571ffe8a7be4ebe1651883b962939d6918337878f53703	346748	related/website/public/assets/tablet-detail/five-ways/reimagined-v1.jpg
6d10e8a2f5ecd02f4cb7ea4a65fdd407c0399eda89ef6a1840b770fcfe04390c	411576	related/website/public/assets/tablet-detail/five-ways/storyquest-v1.jpg
7b3c9b4962259ae92baa199010dcfe10ce5f6729a57e0754c1ab0547d5cab744	2062173	related/website/public/assets/tablet-detail/generated/tablet-active-story-time-v2.png
ff464de82aacb23ae87e3a062988ed54bea00a807922e842468c137d5e7c770b	1726432	related/website/public/assets/tablet-detail/generated/tablet-parent-controls-v2.png
879189ee0ca3e8d8efd65297511f42979bc0c70584d4e67659592d1548d5b687	1624618	related/website/public/assets/tablet-detail/generated/tablet-passive-screen-time-v2.png
a2042454885ebd1f4e5e024cf796ed714269b5bb8e4e9f30a11faf5eabd3a51c	1859243	related/website/public/assets/tablet-detail/generated/tablet-reading-lifestyle-v2.png
5d5d85efc68fea22f6ec1640bb7bf8a2f03ae33f28a2a39fb6f8dd21669b471a	1678494	related/website/public/assets/tablet-detail/lumiq-tablet-pedestal-v1.png
219319fb66488d3795209448e0e310986474e7bfcbbe4a2c4b7587e5c2a41f69	335779	related/website/public/assets/tablet/01-imagime-ready-library.jpg
22eb0ffe78bb38af53895176c8f9a693b86e64f3f098e5aeeb4ecd6bffd482c3	291270	related/website/public/assets/tablet/02-story-detail-imagime-entry.jpg
56e45d96170dbec5d16974e58be6e0bd61f284a292e848c8f0c23c7fbef9f4eb	153289	related/website/public/assets/tablet/03-character-and-book-setup.jpg
579b360d220aa1112ba42f4e034e2162e362fe71b9628d9310026b327d8d0c77	72554	related/website/public/assets/tablet/04-choose-photo.jpg
2c140a08be1bd19d083e567615d09967f3ed31abb9bc47cbb5437fa2dd89f4ed	183243	related/website/public/assets/tablet/05-roles-assigned.jpg
cdb2691c7b0a3c24383efeace60d40dcbe49e4621064849fa0a6bc8d0ab33534	104562	related/website/public/assets/tablet/06-generation-confirmation.jpg
564e72211229fb3408b1f0d72743d8b94517a429e2d9937225dc3986f4dbe110	94549	related/website/public/assets/tablet/07-magic-book-launching.jpg
a268b530e17b6940bc00a69205d93ceab57333277aad5dfe4f91f4d77dc2f55b	352647	related/website/public/assets/tablet/08-background-creation-progress.jpg
24b5539c806323a6334dcadadc71173a1e139f86734231d0a096b940d56304cb	419698	related/website/public/assets/web/lumiq-ola-card.webp
b5fdf7117084e59664e939e299a082d31e73b5d5bcb0c23b2c8bf403fc1e7a37	48134	related/website/public/assets/web/lumiq-ola-go.webp
3c1019a6578ed654aba8438b7a2e4e314fba36bdfc8c06cd96ed88c82354c553	71326	related/website/public/assets/web/lumiq-print-card.webp
262e7756e84772c3616505aadcb67e73f96aba4dde8422243941ae0b509da058	126420	related/website/public/assets/web/lumiq-print.webp
18367491ea432d3fa859355d5932adaf4cb14bdbaa0c9ea8ae72d0c5bfc1230f	60052	related/website/public/assets/web/lumiq-tablet-hero.webp
3de453c224926b8664fc001de8bc9ba7a79079e7f87995b743a6d660d7c8b8b8	210252	related/website/public/assets/web/lumiq-tablet.webp
6aaa0aa470cdcbd8fd1e2b89e77f61bedb9c57d462ae654f6824a437f9c2577a	57330	related/website/public/assets/web/nest15-black-angle.webp
e94c2685ade2089438d7177c19712251b421be6d9c2ad8de9259c8e39d035f12	46624	related/website/public/assets/web/nest15-black-front.webp
bf7389c0157c24ba628ceade0e664de46e3d90e43c3b404ed570e6b463dd81f3	71674	related/website/public/assets/web/nest15-oak-angle.webp
9e7fad1944a6464969674cc10d3bf945b59fca9464fac81081193b40ef4b1125	64276	related/website/public/assets/web/nest15-oak-front.webp
a31dbbb7ea055464c0e5eb2cce0a6da1788009c87383d6873a742bb3c2da1c98	54502	related/website/public/assets/web/nest15-rear.webp
f6c186e8bd2d856911c4fa33275a8ebf5740f50aff3da145ba6f69a78d7fb090	66518	related/website/public/assets/web/nest15-walnut-angle.webp
0fb37983078fe5a05bf9cf8c6cc2a806f1dd43a562f35b7de32887972cc319fd	55132	related/website/public/assets/web/nest15-walnut-front.webp
753261e36f318bbe8ce90329d6b677b6106ed3b97be8146f453b37b5d0876839	120140	related/website/public/assets/web/ola-hero-front.webp
9ead7598925b95d4c1b25ac14a3958746e41f549bca6e0a3320d227867090714	101490	related/website/public/assets/web/ola-metal-a.webp
01405fc2b1489edcd8cee9a69686687c224059a92d3f859fc4bbe8018647a795	48878	related/website/public/assets/web/ola-metal-l.webp
d2c73bf20b51fa07267b17267be2d4d90519452fbb8168f6330f6740b08c183d	97886	related/website/public/assets/web/ola-metal-o.webp
33b116f8a9610a426be31fb1442027a1af6388926d6bead52d764bb9e9bb28b0	120796	related/website/public/book-hero.jpg
fda78d255102d9cdaf89e5e94dd41d1bf96a32fb58f38d4848e0486adc63b6cb	84356	related/website/public/community-hero.jpg
ee67e6ee22790b7929f1a3769ca2801d565c64b5a9096942c1adf5596de9c9e4	4484	related/website/public/fonts/Anton-OFL.txt
a4ba3a92350ebb031da0cb47630ac49eb265082ca1bc0450442f4a83ab947cab	170812	related/website/public/fonts/Anton-Regular.ttf
4a193c54e911c1e8194d4db657423f2527f54a1239f24cb67ecb09128dc9f065	4385	related/website/public/fonts/Teko-OFL.txt
d1321889f262bbbff632e7976349853399cd097b6f382d4b19790c915c13c1ae	292108	related/website/public/fonts/Teko-Variable.ttf
6f1e5e3c7b933a5142141ae2461349e7df7ae8f25cea47a9e986a5685d84c27a	71301	related/website/public/img/age-3-5.jpg
d2019dc4ebe80ce53ba51a7b3cba45ef3f8d077b08714d0d6208137a998ee6df	86096	related/website/public/img/age-6-8.jpg
a8a50ece06140f966c449b14ecb0f85ffe7441b68ecdc6b1ba78a94c03f21e6f	123799	related/website/public/img/age-9-12.jpg
263993f09933c69d3dc0eb031f2611a6d78751ba2c54a15e796476231c13d915	73595	related/website/public/img/concept-tablet-magic.jpg
6218bf90c6bac3dfd15aaf1593743e47cc2996f91b981edb4854293f8484d225	49854	related/website/public/img/feat-everafter.jpg
9c0df5e3ce8970fa6337add0029d30700879f3391cc3dd49761a0ee7d2848286	37110	related/website/public/img/feat-imagime.jpg
739d437826190e445d8dbdb28b0a8f5bd55b973b90843446007a9e4c8488295b	53047	related/website/public/img/feat-original.jpg
4f8f742371cf824536dcb1ccc4765bd6c310b1bcaad8e8936f4ea8a28d3a9f64	47359	related/website/public/img/feat-storyquest.jpg
636e4666c70694ce31f402b403a150f9c4e094e31499d9ea5d5a412eaf9b41e7	2323431	related/website/public/img/lumiqbook-cover.png
bdf2257236a00d43908e4bf8e1dd910c2a57608e175b9f57b0915077720a8330	1915116	related/website/public/img/lumiqbook-prince-princess.png
81c9e59b5fdd06c5a2870e225308d0ea1100a36b8e13ed3f916d96746873a687	25367	related/website/public/img/pal-ambient.jpg
9cd47133cc0be3c11917a289bb95b9983bad437e124ba4fd7e5d4be555469859	24539	related/website/public/img/pal-assistant.jpg
76cf3cfdc000d5904e709c23cf68e6862d822b93372ee34d551a6a6833c9612c	23707	related/website/public/img/pal-future.jpg
f56d13c1c4cb91b5eedee1236aa9bdb47fec77dc22b2c7155e88a2f3a2ed835f	2536315	related/website/public/img/red-riding-hood.png
8b422f55d5e4b292f099e3048e1b4e38190bde333c790cbf3756a25c1edbe243	31857	related/website/public/img/spotlight-safe.jpg
41d0102740bc665e18335b376a603181304ab1357e1dc5ccacab515d9527783e	48974	related/website/public/img/spotlight-stories.jpg
1571e18985fef4006d3b097a32fc65b5b5d9f33030114fb33869edbc5108c25f	28252	related/website/public/img/spotlight-touch.jpg
b1802985292e9225c075b8cc5319914321337bdfcbc0887a661ebac8373c47a6	69483	related/website/public/intro-hero.jpg
d0242c4ff54a36b27850ef651243bf0d7c76bb257a61633663311e3b107d2ee0	126608	related/website/public/lumiq-logo.png
4c663ab4fffca1090bf1e2b5e370ed760196f557eeb2385042c02cde7dad6054	2377938	related/website/public/lumiqbookcover.png
c5577ace17772a719a008b0d2b599baa1b5bf5387f1b7061d09032dfbfd0c84d	5309831	related/website/public/lumiqpal.png
d03f26eda2f53aa2dd513d144afdbd9213c765ba32134fcff917acc41da531c3	14853287	related/website/public/lumiqtab.jpg
4c654a9df91d6abfdea006d32e383d6888ff07aa9cd1b53e3dbf7df9e098629f	32037	related/website/public/pal-craft.jpg
5c6016a6be3adf921ca0ef764a002969d4f44147ee1a9cea5e8b984a9d2df3e8	66895	related/website/public/pal-elder.jpg
ec1511ae753d67e80505ad0bc03b1fcd5f4c97d6986e072f22caf4f7775243f6	35341	related/website/public/pal-hero-new.jpg
df261b7d31cd37d181c374c99aa6ade09a88a0e309af1dc335da7106f442b006	42757	related/website/public/pal-hero.jpg
3cf8f7878c7cfb7cb7bc9d5ff5ccc3fc077e32c78115f20428ca74d9719abeec	68361	related/website/public/pal-kid.jpg
185aba57fe63eb248d469572b2f3c69e0856c7ade3d2862f02120cfb1f2b2c77	93122	related/website/public/products-hero.jpg
4e3edc83c00959485f1852bc1f111fe74cb975e5d55bbcdc8abc880f850e9503	1133099	related/website/public/steps1.png
e9faf5db2da338251cb17e55eca48684718dfae4f85b7a68edd2624c2c6f3893	110706	related/website/public/story-hero.jpg
56cb99a9e6d41aef41c9d00bb83550096ee9e59f0250734ed5e3d2c4392ad7bd	96032	related/website/public/tablet-hero.jpg
376b236b87eb80219acde436f8cde220eb798059f8f124f6ed8ddc87b929214a	43114	related/website/public/why-a.jpg
d0f813f3da2cb960334b2d957d1fa6ab21297f17c1ba4231da017d711bfa28ec	30895	related/website/public/why-b.jpg
b6bb133457f7235ec2fa303643fee83d5cea87eeb6da008b9a0b92704477ff9e	33266	related/website/public/why-c.jpg
e0439afcc317e1370291324f62c3555db46c0c963f21613368d5d47ed7a38ce8	1544602	related/website/qa/hero-button-comparison.png
b3bc8c72a820eb013e2816d6a8b9f2f04b7385003dc9cb8aca393942c5fefb18	104824	related/website/qa/hero-light-nav-desktop.png
85b2c1917850a818c4baadbd5e316ee3d4bc210756d73d5992d6b74c6da02888	107557	related/website/qa/hero-pure-bg-button-desktop-v2.png
2bf15b32432bb4827daa1d33b8881c1ecc657297bf95be6033826d72299938bd	66067	related/website/qa/light-nav-comparison.png
ca6992ce7de97a32ba1afa7d1ab5f2d5033af97d2160e3cebb2aea4b6828bfe5	2215530	related/website/qa/panorama-home-comparison-desktop.png
4133590c8f5a40604813ee774f3ad0e08e64854a8ed9175467b4fc2202590a67	560402	related/website/qa/panorama-home-comparison-mobile.png
40db6fd6fe45aa89faf5a5193de8cbc6167887a8ec7c0e448bfcfa58d087efb0	1098851	related/website/qa/panorama-home-comparison-nest.png
a5da2c9ceadd32812dca4c25303a74cf784672b2ebfe2038c84d3a2a9412aaad	163797	related/website/qa/panorama-home-desktop-1720x960.png
31d4393cec5161e83a23d13314d265afbb7ea70f45e52484f6b69f0149e5d26a	153262	related/website/qa/panorama-home-desktop-family-1720x960.png
5277d0a44d36375476c60637bb62cda67df96d0d8ad11c33bafebf8e3ff8904e	124881	related/website/qa/panorama-home-desktop-join-1720x960.png
7bdc50879768cbdf7029db8e950cdc904b4238a28b78595228cdc959d4b347e6	117924	related/website/qa/panorama-home-desktop-nest-1720x960.png
dbba2925b0d8702064e45a352e7b8437fc808d669146e39d704b62a99b94c404	118553	related/website/qa/panorama-home-desktop-ola-1720x960.png
3288e925dd17d636eaf579ec8359974dcfcaf14834a646d78e41d7057f06783f	123004	related/website/qa/panorama-home-desktop-tablet-1720x960.png
f8c416ada7b65da3f71607b906c6def4aa37cf9a217628ef0b7373e450c75d87	45162	related/website/qa/panorama-home-mobile-390x844.png
6b53594267ba40041728700115c2e7094dd5fb55efa7a88d6e778e47f6edf833	46553	related/website/qa/panorama-home-mobile-family-390x844.png
3fcad32e6bc3adfb22ed01fd8e5fb21dd3356b996c3c20cd3af9ca967821cf3d	45609	related/website/qa/panorama-home-mobile-ja-ola-390x844.png
6ac8cf0d84a7e051ee1f35aa7521a5bea2cba1c8815971e2eccb32c4eccd484d	32561	related/website/qa/panorama-home-mobile-join-390x844.png
4cf9a61b8649bfe12a4a6bbea2c9e1cc2e5c92988d6e68bbcf46449f1d43cca7	39338	related/website/qa/panorama-home-mobile-nest-390x844.png
fb0851f3b79c0b35c514db730bdd9e5ec7285e24b0ec8557d97caaf3f5a2247e	45018	related/website/qa/panorama-home-mobile-ola-390x844.png
165249e00d3dcf166890bae2116500b704436c2c4e68289a3a9157903510ea99	43256	related/website/qa/panorama-home-mobile-tablet-390x844.png
6b1a56f9a86d09051a1fab8c5ea13efdce8d11653fed246f2951eb5f336ec20f	45786	related/website/qa/panorama-home-mobile-zh-hant-ola-390x844.png
38f81ff23fc1ad37987f290575b13f615aefb4d4c41a7fc21f96633615e305f3	84855	related/website/qa/panorama-home-nest-1280x720.png
c110e3579606a5699e65cd36fc43921c9bb42780d02585c6ffdb25dafd8ee013	1612150	related/website/qa/pearl-home-iteration-3/compare-family.png
2d5fb6343b442623b4fc997a1a218e3fe89671b2410e26135c82c00c1d4be7c9	1776788	related/website/qa/pearl-home-iteration-3/compare-hero.png
7440327c51f0a88218e7a3b6460dc45924c65459019426b5f56d9343055bf418	1668678	related/website/qa/pearl-home-iteration-3/compare-ola.png
7ecdb2675e7a44d5f4ceb491b756d07bc78939b43ab6391f355d5ecfe84c99e9	1461460	related/website/qa/pearl-home-iteration-3/compare-webp-fidelity.png
242f2fb80c93629d2bae29df65745c40b315aa63df34ff759cde7b0ad6ca5178	104675	related/website/qa/pearl-home-iteration-3/desktop-family.png
74dd974711f0febd7fe7ea2bb49076aadb28ae056b93b90ffb08b68194126947	170719	related/website/qa/pearl-home-iteration-3/desktop-hero-webp.png
091eec85defc96622a974efa5dd290e252d7e66c3bd3156d1a93f971c6ada128	101051	related/website/qa/pearl-home-iteration-3/desktop-hero.png
6d30ffd5549cd663ac876e89463515faa318f2002a676de838bc4a1ca4819ac6	85845	related/website/qa/pearl-home-iteration-3/desktop-ola.png
3120dcaa9a88359b9478f0a2be470245f0a305c87779c9f8dcee765f3333108e	92249	related/website/qa/pearl-home-iteration-3/mobile-family.png
091eec85defc96622a974efa5dd290e252d7e66c3bd3156d1a93f971c6ada128	101051	related/website/qa/pearl-home-iteration-3/mobile-hero.png
82c9c91a117d3ae41cb8e2f715fb7d62d5e0fc63f53480dbf0178030c3e86b00	1568509	related/website/qa/pearl-home-iteration-4/hero-comparison.png
2d34a6db5b057b2f7db5a93f1ac761b1446be0df90c4a28fa3f0b9afb982f2bd	656720	related/website/qa/pearl-home-iteration-4/hero-desktop.png
88d6f791176ed8cff45cefb29295144b49fb5db95dbed13cbfdc06ca1c4bf0d6	259307	related/website/qa/pearl-home-iteration-4/hero-mobile.png
1ae36f4c550b415e5e61763f839902d8c897293d39b3fcf140913f08c4ee3c27	1212390	related/website/qa/pearl-home-iteration-4/tablet-comparison.png
db461424b0395ff20d225534160f54a62978127aeae08a25c91dfb81f31fc1d0	460571	related/website/qa/pearl-home-iteration-4/tablet-desktop.png
385813fb774ddc0c3a51130c1e423bba7b4c148edaef142e9154d35f10fdeaf7	189363	related/website/qa/pearl-home-iteration-4/tablet-mobile-zh.png
c8537530d983301cf17dcced8563089232b6ce73e267dc8c259458b408a62717	814055	related/website/qa/pearl-home-iteration-5/family-desktop.png
421ccec2632163b9f41d4b82108a74acc38156c325d3edd613b85bf0439e7483	352577	related/website/qa/pearl-home-iteration-5/family-mobile-ja.png
1175eafe1d3d9b6dff5b4278e0d41fc9103b4d9071e6fe780969572c200832ab	614812	related/website/qa/pearl-home-iteration-5/nest-desktop.png
e7a7544066fd13f8c110b77cb81201b1f8f0c961bf9b3c5fbffdeff4b916f52c	1643211	related/website/qa/pearl-home-iteration-5/ola-comparison.png
bda2a1fde971dd03b4f5047755569b635db63d7b8d17e2c45872df633c888f1d	756111	related/website/qa/pearl-home-iteration-5/ola-desktop.png
9b0f737ac1cb0b5cc8c6802a0e8aee94c625ccb0cce3fdf606440c85661c2d7d	303156	related/website/qa/pearl-home-iteration-5/ola-mobile-zh.png
d873a085da6c73a2635342e1d0c4a3cf31571046e2d862e7b28c75b30ad6bcbc	671233	related/website/qa/pearl-home-iteration-5/tablet-desktop.png
19d22e01febbaa51f77a888e25a433e2a6f9c8bfc8655514a2d3ed59474a6ce0	1832337	related/website/qa/pearl-home-iteration-6/compare-standard.png
36183dfa0838d15ccf888a2062b51ea8a32eb8e05d55e6e45374f08d8c009eb5	2631840	related/website/qa/pearl-home-iteration-6/compare-ultrawide.png
ba8454ab5c8c273bf95ce0c72444509d4beb9dad3baec4f3f345025ac21764c9	296996	related/website/qa/pearl-home-iteration-6/hero-mobile.png
8cf13fac55810c8ba713a9c02f8a59b4fa9c6f7be21a04009d8ef7510ca8d9c7	929509	related/website/qa/pearl-home-iteration-6/hero-standard.png
a663b403629fc3f649660772e5679f154b4ebe42c7d40b8d1444a353d8eff678	873579	related/website/qa/pearl-home-iteration-6/hero-tall.png
b751bd0324fa7b6edca13e30f4db08a73a0bcd2ab9b3d9eae00fbe7e6a076e05	1263471	related/website/qa/pearl-home-iteration-6/hero-ultrawide.png
4e16f6041191afa8625cf5ad535099cd0062a0c818b4398af34e1c9a036c2ba7	646617	related/website/qa/pearl-home-iteration-6/hero-wide.png
4422c0827dff0ed46ff5f2d9927dce305065f58af6b115ff0f03ca38dbf04dfe	2207088	related/website/qa/pearl-home-iteration-7/compare-alignment.png
ad7e2e1adefc2428a5db854fe2e6ad7c49ce0e9177d94ffc3f1be84eadafa18e	1069610	related/website/qa/pearl-home-iteration-7/hero-narrow-final.png
cbac6c01aeb1cb63ba7c20d06998e96d398a1ea6fc0fc8a5bc73ac2b578bf1fb	6263743	related/website/qa/pearl-home-iteration-7/hero-wide-alignment.png
bbc58b29b971827daaf47709af9ec9db10407b68ebebeaf9a506c9a5ff02c3b6	1602	related/website/scripts/check-i18n.mjs
146990c9f8b2d843cff2ddba61c19b34c66e62735aa14ec79d676525f2928a09	2381	related/website/scripts/optimize-images.mjs
b762cdfe4bf57b470a13b2c99d93f110d90e22d4d69c139245cdcc59ea0bee7b	869	related/website/supabase/migrations/20260826165924_create_waitlist_signups.sql
d7985d15eb056f7774504c5117825ed0f9ea4963360aa99985c38b0568563d7d	1990	related/website/tests/content-hygiene.test.ts
79e5ff52a57355feed3bc2c7029b11064cbcd44668fc0c836881935a0fc27530	6553	related/website/tests/e2e/site.spec.ts
8e9021f035b3be43d936e4291fb03929085ddd00e00ed7b43eb4a5ffcceba50b	1969	related/website/tests/waitlist-route.test.ts
5ceafda447787a983ed0d7d824f268fb7d8f4c68b0e1fda4cf975acdae6a6241	2230	related/website/tests/waitlist.test.ts
ed2bc19510589ae5c0940b5e4504c6c0413ba285ae35a3d4ad9db5f5d3a8eb51	598	related/website/tsconfig.json
71ed6a79b750882ca29d3e88478c343916253d802fd0e3f02d1d1648efe5f596	504	related/website/vitest.config.mts
444cfc6ae4449cf97c0a0ce3be1c487bfeb2c18318bfbc4d8a10015a8005ae18	4491	tools/导出Codex沟通记录.sh
e5307027404b31e9aad2234e9e7aa7c1c7e73e06f48b1cc5d12d0f4a83c03388	2427	tools/打包给新Codex.sh
a7f88c507e21e0fbb6970b64d7d8d99ade7300c7eaf33e03a8edc480a3a86d35	2009	当前进度.md
457efc9782997fd758b4c046d5a7f9b3e3f42394f524cc5e199d8720a3e7b5f1	897	打包说明.md
1687b9beee08e17718a78468cc85cafaec6f2c096e7f56666b644b4990f18f50	4168	新Codex接力说明.md
a52109c56dc10d32aefc1bdad75ac062cce4341c4397ab7e87dc2cf737610878	118701	沟通记录/2026-07-29-20260729174047-LumiQ网站开发-019faef6.md
9db763acd101a97fee07c8629ef8e90dc9499f4f23fdbc758b78b5a39b981ad6	3395	沟通记录/2026-08-06-20260806143946-优化设计提案结构-019fd784.md
af4ab9b15afcfb41340fefe4ad5c5277b802d849352651afbd068f46b2c2986e	6245	沟通记录/2026-08-07-20260807065613-以上两张截图分别是 LibTV 和即梦的官方定价图。其中 LibTV 每生成一秒需要 46 积分-019fdb02.md
4ce27275ca757abf228e89e3987842862c330892c99eef440c41ec222ffb7890	3174	沟通记录/2026-08-13-20260813163922-整理 Lumiq Studio 产品信息-019ffbfe.md
cd0853d1e6e1997c6c28e71d26ec546f47b9ae60a8e29387c4cd79d342263dd5	62586	沟通记录/2026-08-26-20260826151141-修BUG-01a03ea0.md
9b0a6d29105b319e143d5af441e7db89325312fec697d33a564cd2af978e380a	18502	沟通记录/2026-08-26-20260826151835-写文档-01a03ea6.md
6ce9abeac2c8f02572baf562f64745f7aa86f554fc4ec64b93153054ca4cd3c8	19717	沟通记录/2026-08-26-20260826152123-评估多语言系统完善成本-01a03ea9.md
d6eeea829c142495bdf342339ea6cc6c863f6011c9f9ba901758a54890fb8552	2261	沟通记录/2026-08-26-20260826152212-未命名会话-01a03eaa.md
7abd9b7fc3d59e87f990ff57f1f0f0cdef85b620896d19a9c67a6c5dbd765a7a	1941	沟通记录/2026-08-26-20260826152218-未命名会话-01a03eaa.md
1a13c6415f28bbcf64b970a50f75ab3331e39d738da713328f1d74aa62b8eb91	2624	沟通记录/2026-08-26-20260826152224-未命名会话-01a03eaa.md
3ccdfdba4d934fa14417f5db0cb5175b4640f906584b5ea217b08a6d46b4cd6a	9271	沟通记录/2026-08-26-20260826153421-Add 日历机产品-01a03eb5.md
a94e586c28b3bf4399d4ffaa8837876529d44f42170585d6dc457fce4e1b7ab1	4789	沟通记录/2026-08-26-20260826153912-前端问题-01a03eb9.md
52310ed623b4994866d9259ea38c4e100cffa159961fe188f5ba0359e337673b	2455	沟通记录/2026-08-26-20260826155817-清理储存空间-01a03ecb.md
ecd936386b2e8d48d35db4672b5f1fd84b8d5805485b09dda0d2f78842a9b38b	11962	沟通记录/2026-08-26-20260826165926-前端问题-01a03eb9.md
0d9bad784711718b4923d9d921313f879e2c9f4c01251234cb16ee42273bdfaa	12149	沟通记录/2026-08-26-20260826170259-体验走查-01a03f06.md
4ade42699409baa479def87e4f57ef51c923980f06e661d4a4451ab9cdc31d8e	18595	沟通记录/2026-08-27-20260827033449-前端修复总览-01a04148.md
8ed9cf97bdf6e4aee0148f2c3497cb1703053e92257ecc92c063a39224ec976e	16752	沟通记录/2026-08-27-20260827033631-品牌故事-01a0414a.md
b8415e73cfb1422d0ea533cf2f5ef5a6c2bccbfa0830d49b77a899367a61323f	31312	沟通记录/2026-08-27-20260827033637-产品总览-01a0414a.md
ed344d981d614b82015b53122de9f3154ac3bd079d2e24c86e5e6ca92db4d41f	15992	沟通记录/2026-08-27-20260827033642-套餐与价格-01a0414a.md
56de57a3c4dd79e54e6435252c90e9de2f3658960297d1d1b4ecaa69eaffba85	8318	沟通记录/2026-08-27-20260827033649-媒体与评价-01a0414a.md
3b7b56480d94055d06c0373e3ef83b83d68ef1c50a77d26bbd5f7b80dafa13f5	10367	沟通记录/2026-08-27-20260827033654-常见问题-01a0414a.md
b952fe348d940ce2968b4b3459e3ccae559aa0c8bbc12a45e7e1ab99752c4daf	15381	沟通记录/2026-08-27-20260827041533-媒体与评价-01a0414a.md
9d4e7245bfcb4edb3350e6ddca689bf2eafc39912d9d219d1a86536ff3218ba5	10241	沟通记录/2026-08-27-20260827044341-品牌故事-01a0414a.md
c358de4b67290b438fd4aa6e552346304185bd1aa4d72ef4818a565d6fc572b4	21369	沟通记录/2026-08-27-20260827063418-品牌故事-01a0414a.md
639ad732b7f78ebffd5dfb6f1e055be7c976e0cbc84da2401059713b0c1363c0	24917	沟通记录/2026-08-27-20260827071313-设计 LumiQ 首页方案-01a04210.md
4ebc41b8e2ee969a3ee1ef4877c22f8812a96db2efa68c773802f6e7a73ae6bd	6910	沟通记录/2026-08-27-20260827104313-清理电脑储存空间-01a042d1.md
d30f18dac60a37f4493d9d381fbf9d40d90d0bb65c63dab1b46e7b4e32457717	1811	沟通记录/2026-08-27-20260827114038-撰写钉钉文档配套文案-01a04305.md
96e7efc7d74b9f6bb0a3e65e8d38454ac33cae2b84d962c32ef46b92a74c83b4	5729	沟通记录/2026-08-27-20260827171359-设计 LumiQ 首页方案-01a04210.md
25be7a9e7caad3cc637309d7a37c2d254dfe702c961757a87d17004329c5c36c	31477	沟通记录/2026-08-28-20260828025811-产品详情页-01a0464d.md
eb9a7fea8ca6eaa140b9a1b42a3fa46be12cbf3f942a879df9cc246e8bf6baab	53229	沟通记录/2026-08-28-20260828164030-首页 Home-01a0493e.md
47076b2d8819aafd92542b76ccf5a80ab7c272d8e4e33eadc5b92e1b884711b8	41434	沟通记录/2026-08-28-20260828165252-LumiQ Home 方案一开发-01a04949.md
d373dd8e771ff6a7edb91f35078f18b78ed0cb24ce9edb59032018c682ba0d4b	26805	沟通记录/2026-08-28-20260828165307-LumiQ Home 方案三开发-01a0494a.md
cb5582cd97939de6aaad36377ee0d37ed1cc4b78c9293183c02153756cf4e62a	59707	沟通记录/2026-08-28-20260828170152-LumiQ Home 方案二-01a04952.md
991e521a0cae5e564de1b38c4ebd0730a11083329b1cf00622cbe10bebba5c12	8962	沟通记录/2026-08-28-20260828180007-未命名会话-01a04987.md
b37502a6574c2a7d137437aa2068b467961775752674655db897ac4dd8f0f8bb	3235	沟通记录/2026-08-29-20260829104327-制作方案二完整长图-01a04d1e.md
f2e093e1f1ee34b1fb5352bc4b86b1aec095b427c6aaca95a625928fea4b4b9c	12652	沟通记录/2026-08-29-20260829163204-分析南孚官网前端实现-01a04e5d.md
faa49e76ce1416dcfc64134d635ba955f02de4aae5f5d554aaff4eac5affc821	6815	沟通记录/2026-08-31-20260831182712-创建 Chatcut 环形卡片 Skill-01a05913.md
debf769a0f72f280e9caa7756f232c1265b096d5c574bf2c89ffe16a0c026468	39995	沟通记录/2026-09-01-20260901023935-分析南孚官网前端实现-01a04e5d.md
4b6bc9952f17a6b5752e9e668e109ea1a1f739d403f529b6a64403f4a5a59dc7	46988	沟通记录/2026-09-01-20260901112714-分析南孚官网前端实现-01a04e5d.md
52db0d7ba9f09b86fd9040af94e817cf1af3c8322d17672f2fe8c73970b78456	43118	沟通记录/2026-09-02-20260902065012-分析南孚官网前端实现-01a04e5d.md
efada9cd0a4d92668381565176b555f5f6bf4ec5b368d37588cbffd5dcbdc74f	5645	沟通记录/2026-09-03-20260903063442-打包项目供新 Codex 使用-01a065fa.md
67217f5f0288375b82625e0af4e8e5efb9b1aa8e52aa892ebfa668a0af49bfed	675	沟通记录/README.md
29bdf2da8c06b002aeb697ad991c3b3a6f01e8f3b3caec84b1197f6a2f98b9a6	8572	沟通记录/会话索引.tsv
6c35e55faa53e6c1bf8da9180b76823386b1610aff2e3a0add833e8bd2913e8b	1319	迁移与协作.md
